-- phpMyAdmin SQL Dump
-- version 5.2.0
-- https://www.phpmyadmin.net/
--
-- Host: 127.0.0.1
-- Erstellungszeit: 04. Sep 2023 um 11:50
-- Server-Version: 10.4.24-MariaDB
-- PHP-Version: 8.1.6

SET SQL_MODE = "NO_AUTO_VALUE_ON_ZERO";
START TRANSACTION;
SET time_zone = "+00:00";


/*!40101 SET @OLD_CHARACTER_SET_CLIENT=@@CHARACTER_SET_CLIENT */;
/*!40101 SET @OLD_CHARACTER_SET_RESULTS=@@CHARACTER_SET_RESULTS */;
/*!40101 SET @OLD_COLLATION_CONNECTION=@@COLLATION_CONNECTION */;
/*!40101 SET NAMES utf8mb4 */;

--
-- Datenbank: `abk`
--

-- --------------------------------------------------------

--
-- Tabellenstruktur für Tabelle `definition`
--

CREATE TABLE `definition` (
  `definition_id` int(11) NOT NULL,
  `definition_text` text NOT NULL,
  `img` varchar(100) DEFAULT NULL,
  `link` varchar(500) DEFAULT NULL,
  `stat` tinyint(4) DEFAULT NULL
) ENGINE=InnoDB DEFAULT CHARSET=utf8mb4;

--
-- Daten für Tabelle `definition`
--

INSERT INTO `definition` (`definition_id`, `definition_text`, `img`, `link`, `stat`) VALUES
(330, ' *** is an advanced lead-acid battery that provides superior power to support the higher electrical', 'agm.jpg', NULL, 1),
(331, '**** provides an open standard that operating systems can use to discover and configure computer hardware components, to perform power management, auto configuration, and status monitoring', 'acpi.jpg', 'https://en.wikipedia.org/wiki/ACPI', 1),
(332, ' *** is a framework used to control and track access within a computer network.', 'aaa.jpg', NULL, 1),
(333, 'new  mainboard Formfaktoren', 'btx.png', 'https://de.wikipedia.org/wiki/BTX-Format', 1),
(334, '***  inch ist 2,54 cm  is an international unit for specifying the storage density of magnetic storage media. The bpi value is mainly used for magnetic tapes and in tape drives and indicates the amount of data that can be stored on one inch of a magnetic track. ', 'bpi.jpg', NULL, 1),
(335, '*** is an early method for giving addresses to each physical block of data on a hard disk drive.', 'chs.png', NULL, 1),
(336, ' *** ist ein digitales Audio-Magnetband (Tonband) für entsprechende Audiorekorder.    ', 'dat.jpg', NULL, 1),
(337, '*** san nas!!  is digital storage directly attached to the computer accessing it, as opposed to storage accessed over a computer network. *** consists of one or more storage units such as hard drives, solid-state drives, optical disc drives within an external enclosure.', 'das.webp', 'https://de.wikipedia.org/wiki/Direct_Attached_Storage', 1),
(338, '*** is a type of access control defined by the Trusted Computer System Evaluation Criteria', 'dac.jpg', 'https://en.wikipedia.org/wiki/Discretionary_access_control', 1),
(339, '*** is a partition on a data storage device that is used by computers having the uefi. When a computer is booted, UEFI firmware loads files stored on the ESP to start installed operating systems and various utilities.', 'efi.webp', 'https://en.wikipedia.org/wiki/EFI_system_partition', 1),
(340, 'The ***-Systempartition or ESP is a partition on a data storage device (usually a hard disk drive or solid-state drive) that is used by computers having the Unified Extensible Firmware Interface (UEFI). When a computer is booted, UEFI firmware loads files stored on the ESP to start installed operating systems and various utilities. ', 'efi.webp', 'https://en.wikipedia.org/wiki/EFI_system_partition', 1),
(341, 'is a free-software replacement for Symantec\'s PGP cryptographic software suite. The software is compliant with RFC 4880, the IETF standards-track specification of OpenPGP.', 'gpg.png', NULL, 1),
(342, ' **** ist die Aufstellung von Verfahren und Regeln innerhalb einer Organisation, die dazu dienen, die Informationssicherheit dauerhaft zu definieren, zu steuern, zu kontrollieren, aufrechtzuerhalten und fortlaufend zu verbessern.', 'isms.jpg', NULL, 1),
(343, ' **** is a 501 professional association for electronic engineering and electrical engineering with its corporate office in New York City and its operations center in Piscataway, New Jersey. The mission of the IEEE is advancing technology for the benefit of humanity.', 'ieee.png', NULL, 1),
(344, '***  is a dynamic route update protocol used between routers that run on TCP/IP hosts within a single autonomous system. The routers use this protocol to exchange information about IP routes.', NULL, NULL, 0),
(345, 'werden Routingprotokolle bezeichnet, die innerhalb von autonomen Systemen eingesetzt werden (Intradomain-Routing).', 'igp.jpg', NULL, 1),
(346, 'is an international standards organization that prepares and publishes international standards for all electrical, electronic and related technologies', 'iso.png', NULL, 1),
(347, '** is the network layer communications protocol in the Internet protocol suite for relaying datagrams across network boundaries.', 'ip.jpg', NULL, 1),
(348, 'It provides services related to the session layer of the OSI model allowing applications on separate computers to communicate over a local area network. As strictly an API, NetBIOS is not a networking protocol. Older operating systems[clarification needed] ran NetBIOS over IEEE 802.2 and IPX/SPX using the NetBIOS Frames (NBF) and NetBIOS over IPX/SPX (NBX) protocols, respectively. In modern networks, NetBIOS normally runs over TCP/IP via the NetBIOS over TCP/IP (NBT) protocol. ', 'netbios.png', 'https://en.wikipedia.org/wiki/NetBIOS', 1),
(349, 'is about writing procedures or methods that perform operations on the data, while object-oriented programming is about creating objects that contain both data and methods.', 'oop.png', NULL, 1),
(350, '*** Over Temperature Protection', 'otp.jpg', NULL, 1),
(351, '*** Over Voltage Protection ', 'ovp.jpg', NULL, 1),
(352, '**** is a serial expansion bus standard for connecting a computer to one or more peripheral devices. PCIe provides lower latency and higher data transfer rates than parallel busses such as PCI and PCI-X.', 'pcie.jpg', NULL, 1),
(353, 'RSA (Rivest–Shamir–Adleman) is a public-key cryptosystem that is widely used for secure data transmission. It is also one of the oldest.', 'rsa.webp', NULL, 1),
(354, ' ***** is a monitoring system included in computer hard disk drives ', 'smart2.png', NULL, 1),
(355, '*** is information stored on an EEPROM chip when a computer is booted. It is located on an SDRAM memory module and communicates to the BIOS the module size, data width, speed and voltage, which are used to configure the module memory controller for maximum reliability and performance.', 'spd.png', NULL, 1),
(356, '**** est une barrette électronique qui regroupe plusieurs puces de mémoire, et ne se branche qu\'au moyen d\'une seule interface (par opposition à la DIMM). Imprime PAS des deux coteSS', 'simm.jpg', NULL, 1),
(357, ' top-level domain', 'tld.jpeg', NULL, 1),
(358, ' **** is a symmetric-key block cipher, which applies the DES cipher algorithm three times to each data block.', '3des.png', NULL, 1),
(359, ' *** technology has evolved from single stage to dual stage to  ***. Each evolution increases the read-write head position accuracy while decreasing the amount of time required to read and write the media.', 'tsa.jpg', NULL, 1),
(360, '**** can display virtual machines remotely, meaning that a virtual machine can execute on one computer even though the machine will be displayed on a second computer, and the machine will be controlled from there as well, as if the virtual machine was running on that second computer.', 'vrdp.jpg', NULL, 1),
(361, '*** is a magnetic circuit that combines an iron yoke and magnets glued to it. Within a hard disk drive, because of the danger of the recorded data being destroyed, the introduction of even tiny particles must be avoided', 'vcm.png', NULL, 1),
(362, ' *** Voltage and Frequency Independent from mains supply\nUPS ONLINE', 'vfi.png', NULL, 1),
(363, '**** describes a data storage device in which information, once written, cannot be modified. This write protection affords the assurance that the data cannot be tampered with once it is written to the device, excluding the possibility of data loss from human error, computer bugs, or malware. ', 'worm.png', NULL, 1),
(364, 'bsi', 'orp.png', NULL, 1),
(365, '***** Mount points for removable media such as CD-ROMs (appeared in FHS-2.3 in 2004).', 'media.webp', NULL, 1),
(366, 'modifiziertes 4G, verbessertes 4G', '5gn.webp', NULL, 1),
(367, 'The difference between non-standalone and standalone 5G is easy to understand. Non-standalone 5G is the first stage of 5G, using a new 5G radio (or 5G NR) access network overlaid on an existing 4G LTE network core. Standalone 5G uses the 5G NR access network on a brand new 5G network core.', '5gsa.webp', NULL, 1),
(368, 'NTLDR ', 'ntldr.jpg', NULL, 1),
(369, '**/** Gleichrichtung der gesiebten Netzspannung ', 'acdc.jpg', NULL, 1),
(370, '*** is a parallel expansion card standard, designed for attaching a video card to a computer system to assist in the acceleration of 3D computer graphics.', 'agp.jpg', 'https://en.wikipedia.org/wiki/Accelerated_Graphics_Port', 1),
(371, '*** formerly known as Fusion, is a series of 64-bit microprocessors from AMD, combining a general-purpose AMD64 CPU and IGPU on a single die.', 'apu.jpg', 'https://en.wikipedia.org/wiki/AMD_Accelerated_Processing_Unit', 1),
(372, '***  is a list of permissions associated with a system resource (object)', 'acl.jpg', 'https://en.wikipedia.org/wiki/Access-control_list', 1),
(373, 'adressauflösung in Ethernet-Netzen\narp -a ', 'arp.jpg', 'https://en.wikipedia.org/wiki/Address_Resolution_Protocol', 1),
(374, '*** is a specification for the encryption of electronic data established by the U.S.', 'aes.jpeg', 'https://en.wikipedia.org/wiki/Advanced_Encryption_Standard', 1),
(375, '**** ist ein offener Schnittstellen-Standard für Serial-ATA-Controller. Er ermöglicht es, mit diesen Controllern per Software zu kommunizieren', 'ahci.jpg', 'https://en.wikipedia.org/wiki/Advanced_Host_Controller_Interface', 1),
(376, ' *** ist ein Magnetband-System zur Datenspeicherung. ', 'ait.jpg', NULL, 1),
(377, '*** ist ein Unix-Betriebssystem des Unternehmens IBM und für den Einsatz in Serversystemen beziehungsweise in Workstations ausgerichtet.', 'aix.png', NULL, 1),
(378, ' *** is an American multinational semiconductor company based in Santa Clara, California, that develops computer processors and related technologies for business and consumer markets.', 'amd.jpg', 'https://en.wikipedia.org/wiki/AMD', 1),
(379, '*** ein Begriff, der wirklich etwas bedeutete, bis die Medien und die Marketingabteilungen der Sicherheitsfirmen ihn so oft und mit solcher Gleichgültigkeit nutzten, das er mittlerweile komplett nichtssagend ist', 'apt.avif', NULL, 1),
(380, '******* was the first wide-area packet-switched network with distributed control and one of the first …', 'arpanet.jpg', 'https://en.wikipedia.org/wiki/ARPANET', 1),
(381, '*** is a family of reduced instruction set computer (RISC) instruction set architectures for computer processors, configured for various environments.', 'arm.jpg', 'https://en.wikipedia.org/wiki/ARM_architecture_family', 1),
(382, '*** mainboard Formfaktoren', 'atx.jpg', 'https://en.wikipedia.org/wiki/ATX', 1),
(383, '*** are extensions to the x86 instruction set architecture for microprocessors from Intel and  AMD', 'avx.png', NULL, 1),
(384, '*** are extensions to the x86 instruction set architecture for microprocessors from Intel and Advanced Micro Devices (AMD).', 'avx2.png', NULL, 1),
(385, 'AL ', 'al.PNG', NULL, 1),
(386, 'AMD developed its first generation virtualization extensions under the code name \"Pacifica\", and initially published them as ***, but later marketed them under the trademark AMD Virtualization, abbreviated AMD-V', 'amssvm.png', 'https://en.wikipedia.org/wiki/X86_virtualization#AMD_virtualization_.28AMD-V.29', 1),
(387, ' **** is a private non-profit organization that oversees the development of voluntary consensus standards for products, services, processes, systems, and personnel in the United States', 'ansi.png', 'https://en.wikipedia.org/wiki/American_National_Standards_Institute', 1),
(388, '*** im englischsprachigen Raum auch unter der Bezeichnung Brown & Sharpe wire gauge bekannt, ist eine Kodierung für Drahtdurchmesser und wird überwiegend in Nordamerika verwendet.', 'awg.png', 'https://en.wikipedia.org/wiki/American_wire_gauge', 1),
(389, 'au ', NULL, NULL, 0),
(390, 'AE', NULL, NULL, 0),
(391, '*** is a way for two or more computer programs to communicate with each other. It is a type of software interface, offering a service to other pieces of software. A document or standard that describes how to build or use such a connection or interface is called an *** specification. A computer system that meets this standard is said to implement or expose an *. The term * may refer either to the specification or to the implementation.', 'api.jpg', 'https://en.wikipedia.org/wiki/API', 1),
(392, '**** is a microchip designed for a special application, such as a particular kind of transmission protocol or a hand-held computer.', 'asic.jpg', 'https://en.wikipedia.org/wiki/Application-specific_integrated_circuit', 1),
(393, '*** is a combinational digital circuit that performs arithmetic and bitwise operations on integer binary numbers.', 'alu.gif', 'https://en.wikipedia.org/wiki/Arithmetic_logic_unit', 1),
(394, '**** ist eine Technologie zur Übertragung digitaler Informationen mit hoher Bandbreite auf bestehenden digitalen (ISDN) und analogen Telefonleitungen an Haushalte und Unternehmen', 'adsl.jpg', 'https://en.wikipedia.org/wiki/ADSL', 1),
(395, '*** ist ein Kommunikationsprotokoll, welches sich für die Übertragung von Daten, Sprache und Video eignet.', 'atm.jpg', 'https://en.wikipedia.org/wiki/Asynchronous_Transfer_Mode', 1),
(396, 'AufputzMontage', 'ap.png', 'https://de.wikipedia.org/wiki/Auf_Putz', 1),
(397, ' ***** is a feature in operating systems (such as Windows) that enables computers to automatically self-configure an IP address and subnet mask when their DHCP server isn\'t reachable. The IP address range for APIPA is 169.254. 0.1-169.254.', 'apipa.png', NULL, 1),
(398, 'if avr immer VI  for usv\nA voltage regulator is a system designed to automatically maintain a constant voltage. A voltage regulator may use a simple feed-forward design or may include negative feedback. ', 'avr.jpeg', NULL, 1),
(399, ' ** is a collection of connected Internet Protocol (IP) routing prefixes under the control of one or more network operators on behalf …', 'as.jpg', NULL, 1),
(400, '***** est un système de fichiers des années 2010 fondé sur le Copy-On-Write (copie sur écriture en français) sous licence GNU GPL, développé conjointement par Oracle, Red Hat, Fujitsu, Intel, SUSE, STRATO AG (en) et autres', 'btrfs.png', NULL, 1),
(401, ' IC packages, is a type of surface-mount packaging (a chip carrier) used for integrated circuits. BGA packages are used to permanently mount devices such as microprocessors.', 'bga.jpg', 'https://en.wikipedia.org/wiki/Ball_grid_array', 1),
(402, 'bsd', 'bsd.png', 'https://en.wikipedia.org/wiki/Berkeley_Software_Distribution', 1),
(403, 'ist innerhalb der Wirtschaftswissenschaften eine Einzelwissenschaft, die als Lehr- und Forschungsgegenstand den Betrieb oder das Unternehmen untersucht.\n\'administration des affaires est un domaine d\'activités et un domaine d\'études qui englobe tous les aspects de l\'administration d\'une entreprise', 'bwl.png', 'https://de.wikipedia.org/wiki/Betriebswirtschaftslehre', 1),
(404, '*** is the number of received bits of a data stream over a communication channel that have been altered due to noise, interference, distortion or bit synchronization errors. ', 'ber.png', NULL, 1),
(405, 'The ** is a digital optical disc data storage format. It was invented and developed in 2005 and released worldwide on June 20, 2006. It was designed to supersede the DVD format, capable of storing several hours of high-definition video.', 'bd.jpg', NULL, 1),
(406, 'BDS ', 'BDS.jpg', NULL, 1),
(407, '*** refers to a gateway protocol that enables the internet to exchange routing information between autonomous systems (AS). As networks interact with each other, they need a way to communicate. This is accomplished through peering. BGP makes peering possible.', 'bgp.jpg', NULL, 1),
(408, '**** vielen wohl besser bekannt unter dem Begriff Splitter\n//NTBBA Ruter bei dsl', 'bbae.jpg', 'https://de.wikipedia.org/wiki/DSL-Splitter', 1),
(409, 'gibt den Gesamtwert aller Waren und Dienstleistungen an, die während eines Jahres innerhalb der Landesgrenzen einer Volkswirtschaft als Endprodukte hergestellt wurden, nach Abzug aller Vorleistungen', 'bip.png', 'https://de.wikipedia.org/wiki/Bruttoinlandsprodukt', 1),
(410, 'ist ein zentraler Begriff aus der volkswirtschaftlichen Gesamtrechnung (VGR) und eine volkswirtschaftliche Kennzahl, die den Wert aller Waren und Dienstleistungen misst, die in einer Rechnungsperiode mit Hilfe von Produktionsfaktoren hergestellt werden, die sich im Besitz von Inländern befinden', 'bne.jpg', 'https://de.wikipedia.org/wiki/Bruttoinlandsprodukt', 1),
(411, ' *** ist eine deutsche Bundesoberbehörde im Geschäftsbereich des Bundesministeriums des Innern und für Heimat mit Sitz in Bonn, die für Fragen der IT-Sicherheit zuständig ist.', 'bsi.png', NULL, 1),
(412, 'ergänzt und präzisiert die Datenschutz-Grundverordnung an den Stellen, die nationalen Regelungen der EU-Staaten überlassen sind.', 'bdsg.jpg', NULL, 1),
(413, '**** vermeidet Kollisionen durch eine zufällige Wartezeit nach der Kanalfrei-Erkennung. ', 'csmaca.png', 'https://en.wikipedia.org/wiki/Carrier-sense_multiple_access', 1),
(414, '****erkennt Kollisionen und versucht die Konkurrenzsituation durch Abbruch der aktuellen Sendung und anschließende unterschiedliche Sendeverzögerung zu vermeiden. ', 'csmacd.png', 'https://en.wikipedia.org/wiki/Carrier-sense_multiple_access', 1),
(415, '**** is a media access control (MAC) protocol in which a node verifies the absence of other traffic before transmitting on a shared transmission medium, such as an electrical bus or a band of the electromagnetic spectrum.', 'csma.jpg', 'https://en.wikipedia.org/wiki/Carrier-sense_multiple_access', 1),
(416, '*** is a high-vacuum tube in which cathode rays produce a luminous image on a fluorescent screen, used in televisions and computer terminals.', 'crt.png', NULL, 1),
(417, '*** wird oft auch als Hauptprozessor bezeichnet. Hierbei handelt es sich um das Herzstück eines Computers. Ohne *** kann der PC nicht arbeiten, da der Prozessor für alle Berechnungen und den Datenaustausch zwischen Speicher und den Komponenten verantwortlich ist.', 'cpu.jpg', 'Central processing unit - Wikipedia', 1),
(418, '*** the other kind of sensor often used in scanners, use mirrors to bounce light to a stationary sensor.', 'ccd.jpg', NULL, 1),
(419, '*** is a way to increase performance through parallel processing. It is the ability of the microprocessor to process multiple hardware threads of execution as well as process multiple software threads.', 'cmt.png', 'https://www.wikiwand.com/en/Multithreading_(computer_architecture)', 1),
(420, '***** is a serial number that represents a unique ID for any application component in Windows. In practice, this means all registry entries for an application component can usually be found under the registry key HKEY_CLASSES_ROOT\\CLSID{CLSID value}. ', 'clsid.png', NULL, 1),
(421, '**** is a method for allocating IP addresses and for IP routing. The Internet Engineering Task Force introduced **** in 1993 to replace the previous classful network addressing architecture on the Internet.', 'cidr.png', 'https://en.wikipedia.org/wiki/Classless_Inter-Domain_Routing', 1),
(422, 'The client hardware address is simply the hardware address of the client\'s network (Ethernet or Wireless) interface.', 'CHADDR.png', NULL, 1),
(423, 'codec', 'codec.jpeg', NULL, 1),
(424, '**** is lighting used in a flat-panel LCD monitors, neon signs, and computer case lighting.     ', 'ccfl.jpg', NULL, 1),
(425, 'A RAM module\'s *** latency is how many clock cycles in it takes for the RAM module to access a specific set of data in one of its columns (hence the name) and make that data available on its output pins, starting from when a memory controller tells it to', 'cas.png', 'https://en.wikipedia.org/wiki/CAS_latency', 1),
(426, '** This is the time it takes for a memory module to have data ready upon request of the memory controller', 'cl.jpg', 'https://en.wikipedia.org/wiki/CAS_latency', 1),
(427, '**  determines whether a chip select can be executed in a single clock or whether it needs two or more clocks. Typical DDR2 memory runs at a command rate of 2T, but a 1T command rate can yield as much of a gain in performance as any other adjustment.', 'cr.jpg', NULL, 1),
(428, 'XXXX  a protocol that gained popularity around the year 2000, as vendors worked to establish an Internet Protocol-based file-sharing protocol. ', 'cifs.png', NULL, 1),
(429, '*** is a free software / open-source software license published by IBM', 'cpl.png', 'https://en.wikipedia.org/wiki/Common_Public_License', 1),
(430, 'is a component of the UEFI firmware, which provides legacy BIOS compatibility by emulating a BIOS environment, allowing legacy operating systems and some option ROMs that do not support UEFI to still be used.', 'csm.jpg', NULL, 1),
(431, '**** ist ein Halbleiterelement, das in vielen modernen Computern und weiteren elektronischen Produkten Verwendung findet. Der statische RAM-Baustein kann zugleich digitale und analoge Daten speichern, verarbeiten und weiterleiten.', 'cmos.png', 'https://de.wikipedia.org/wiki/Complementary_metal-oxide-semiconductor', 1),
(432, ' **** is a computer architecture in which single instructions can execute several low-level operations (such as a load from memory, an arithmetic operation, and a memory store) or are capable of multi-step operations or addressing modes within single instructions. ', 'cisc.webp', 'https://en.wikipedia.org/wiki/Complex_instruction_set_computer', 1),
(433, '*** is technology for design and technical documentation, which replaces manual drafting with an automated process', 'cad.jpg', NULL, 1),
(434, '*** is the use of software and computer-controlled machinery to automate a manufacturing process', 'cam.webp', NULL, 1),
(435, '**** is technology for design and technical documentation, which replaces manual drafting with an automated process', 'cadd.jpg', NULL, 1),
(436, '*** is a fundamental building block of field-programmable gate array (FPGA) technology. Logic blocks can be configured by the engineer to provide reconfigurable logic gates.', 'clb.png', NULL, 1),
(437, 'werden aus der Wahrheits-tabelle alle Zellen ausgewählt, bei denen die Ausgangsvariable „0“ zeigt. Die einzelnen Zeilen werden mit UND verknüpft. Die Eingangsvariablen, die in der jeweiligen Zeile „1“ haben, werden negiert geschrieben. Die Eingangsvariablen werden mit ODER verknüpft.\n(A OR B) AND (C OR D)', 'cnf.png', NULL, 1),
(438, '*** are image sensors used in flatbed scanners almost in direct contact with the object to be scanned.', 'cis.jpg', NULL, 1),
(439, '** is circuitry that directs operations within a computer\'s processor.', 'cu.png', 'https://en.wikipedia.org/wiki/Control_unit', 1),
(440, '*** It is also called PMR (Perpendicular Magnetic Recording). *** aligns the poles of a magnetic element perpendicular to the surface of the disk in a hard drive. Magnetic elements in this technology represent bits of data. Tracks are written side by side and do not overlap.  hd', 'cmr.webp', NULL, 1),
(441, ' is the primary time standard by which the world regulates clocks and time. It is within about one second of mean solar time (such as UT1) at 0° longitude (at the IERS Reference Meridian as the currently used prime meridian) and is not adjusted for daylight saving time. It is effectively a successor to Greenwich Mean Time (GMT).', 'utc.jpg', NULL, 1),
(442, '* is a small CPU or processor built into a big CPU or CPU socket. It can independently perform or process all computational tasks. From this perspective, we can consider a core to be a smaller CPU or a smaller processor', 'core.jpg', NULL, 1),
(443, 'Create Read Update Delete ', 'crud.png', NULL, 1),
(444, 'Hierbei wird schädlicher Code in eine Website eingefügt, um den Benutzer zu täuschen oder seine Daten zu stehlen.', 'xss.webp', NULL, 1),
(445, '*** is an error-detecting code commonly used in digital networks and storage devices to detect accidental changes to digital data.', 'crc.png', 'https://en.wikipedia.org/wiki/Cyclic_redundancy_check', 1),
(446, '*** includes commands such as GRANT and REVOKE which mainly deal with the rights, permissions, and other controls of the database system. ', 'dcl.png', 'https://de.wikipedia.org/wiki/Data_Control_Language', 1),
(447, '*** commands that can be used to define the database schema.  Create..', 'ddl.png', 'https://en.wikipedia.org/wiki/Data_definition_language', 1),
(448, 'INSERT, UPDATE, DELETE, LOCK...', 'dml.png', 'https://de.wikipedia.org/wiki/Data_Manipulation_Language', 1),
(449, '***** ist eine von Cable Labs um 1997 entwickelte Spezifikation für Schnittstellen von Kabelmodems und dazugehörigen Peripheriegeräten, die von der ITU im März 1998 ratifiziert wurde.', 'docsis.webp', 'https://de.wikipedia.org/wiki/Data_Over_Cable_Service_Interface_Specification', 1),
(450, 'are a new class of programmable processor and will join CPUs and GPUs as one of the three pillars of computing', 'dpu.jpg', 'https://en.wikipedia.org/wiki/Data_processing_unit', 1),
(451, 'SELECT: It is used to retrieve data from the database.', 'qos.png', 'https://en.wikipedia.org/wiki/Data_query_language', 1),
(452, '*** ist eine natürliche oder juristische Person, die für die Einhaltung des Datenschutzgesetzes im Unternehmen verantwortlich ist.', 'dsb.png', NULL, 1),
(453, '***** ist eine Verordnung der Europäischen Union, mit der die Regeln zur Verarbeitung personenbezogener Daten durch die meisten Verantwortlichen, sowohl private wie öffentliche, EU-weit vereinheitlicht werden.', 'dsgvo.jpg', NULL, 1),
(454, '– the gain of an antenna compared with the gain of a theoretical isotropic antenna, which uniformly distributes energy in all directions. Linear polarization of the EM field is assumed unless noted otherwise.', 'dbi.png', 'https://en.wikipedia.org/wiki/Decibel#Antenna_measurements', 1),
(455, '*** is a physical or logical subnetwork that contains and exposes an organization\'s external-facing services to an untrusted, usually larger, network such as the Internet.', 'dmz.webp', 'https://en.wikipedia.org/wiki/DMZ_(computing)', 1),
(456, 'You can use ****  commands to mount and get information about Windows image (.wim) files, Full-flash utility (FFU) files, or virtual hard disks (VHD). You can also use **** to capture, split, and otherwise manage .wim files.', 'dism.png', 'https://learn.microsoft.com/fr-fr/windows-hardware/manufacture/desktop/what-is-dism?view=windows-11', 1),
(457, '*** ist ein standardisiertes Verfahren, um die Komponenten eines Rechners zu erkennen und zu verwalten.', 'dmi.png', 'https://de.wikipedia.org/wiki/Desktop_Management_Interface', 1),
(458, '*** is the creation of documents using page layout software on a personal (\"desktop\") computer.', 'dtp.png', NULL, 1),
(459, '**** ist eine individuel­le Adresse des angesprochenen Dienstzugangspunktes oder eine zusammengefass­te Gruppenadresse einer MAC-Adresse in den oberen Protokollschichten der Netzwerkprotokolle.', 'dsap.png', 'https://en.wikipedia.org/wiki/Service_Access_Point', 1),
(460, ' **** is a German telecommunications company that is headquartered in Bonn and is the largest telecommunications provider in Europe by revenue', 'dtag.png', 'https://en.wikipedia.org/wiki/Deutsche_Telekom', 1),
(461, 'DUIDs are used in the IPv6 addressed network to uniquely identify devices connected to the system. This is similar to MAC addresses use in an IPv4 router to identify individual devices. There are four types of DUIDs found within the IPv6 DHCP system to identify devices associated to the system', 'duid.png', NULL, 1),
(462, 'Als vermittlungstechnische Leistungsmerkmale oder auch kurz Dienstmerkmale genannt (englisch supplementary services) bezeichnet man bei einem öffentlichen Telekommunikationsnetz zusätzlich durch das Netz zur Verfügung gestellte teilnehmerbezogene Dienste, die über den einfachen Verbindungsauf- und -abbau vom Anrufenden, dem sogenannten A-Teilnehmer, zum gerufenen Teilnehmer (B-Teilnehmer) hinausgehen.', 'dm.jpg', NULL, 1),
(463, '*** is a digital radio standard for broadcasting digital audio radio services in many countries around the world', 'dab.png', 'https://de.wikipedia.org/wiki/Digital_Audio_Broadcasting', 1),
(464, ' *** is a magnetic tape sound recording format introduced by Philips and Matsushita Electric in late 1992 ', 'dcc.jpg', NULL, 1),
(465, ' *** is a computer data storage technology that is based upon the Digital Audio Tape (DAT) format that was developed during the 1980s. ', 'dds.jpg', NULL, 1),
(466, '**** ist ein internationaler Standard für Telekommunikation mittels Funktechnik, besonders für Schnurlostelefone. **** ist eine Marke vom European Telecommunications Standards Institute (ETSI) mit umfangreichen Spezifikationen ', 'dect.jpg', 'https://en.wikipedia.org/wiki/Digital_enhanced_cordless_telecommunications', 1),
(467, '***  (previously called CompacTape) is a magnetic-tape data storage technology developed by Digital Equipment Corporation ', 'dlt.jpg', NULL, 1),
(468, '*** is a family of technologies that are used to transmit digital data over telephone lines.', 'dsl.png', 'https://en.wikipedia.org/wiki/Digital_subscriber_line', 1),
(469, 'Am 29. März 2017 wurde **** in vielen deutschen Ballungsräumen abgeschaltet und das Programm in **** ausgestrahlt. Die Umstellung auf * erfolgte sukzessive in mehreren Phasen und wurde am 29. August 2019 abgeschlossen.', 'dvb.png', 'https://de.wikipedia.org/wiki/DVB-T2', 1),
(470, '***+/-  is a term used to refer to two different formats of writable optical discs, DVD+R/RW and DVD-R/RW. These formats were developed independently by different organizations, with DVD-R being developed by the DVD Forum and DVD+R being developed by the DVD+RW Alliance.', 'DVD+ -.png', NULL, 1),
(471, '*** is a video display interface developed by the Digital Display Working Group (DDWG).', 'dvi.jpg', 'https://en.wikipedia.org/wiki/Digital_Visual_Interface', 1),
(472, '**** bezeichnet eine digitale Vermittlungsstelle im Ortsnetz.', 'divo.jpg', 'https://de.wikipedia.org/wiki/Digitale_Vermittlungsstelle_Ortsnetz', 1),
(473, '***, is the advanced topic that completes our overview of memory issues. *** is the hardware mechanism that allows peripheral components to transfer their I/O data directly to and from main memory without the need for the system processor to be involved in the transfer.', 'dma.jpg', NULL, 1),
(474, '*** werden aus der Wahrheits-tabelle alle Zellen ausgewählt, bei denen die Ausgangsvariable „1“ zeigt. Die einzelnen Zeilen werden mit ODER verknüpft. Die Eingangsvariablen, die in der jeweiligen Zeile „0“ haben, werden negiert geschrieben. Die Eingangsvariablen werden mit UND verknüpft.', 'dnf.png', NULL, 1),
(475, '****-Angriff zielt darauf ab, eine Website oder einen Server durch Überlastung mit Traffic lahmzulegen.', 'ddos.png', NULL, 1),
(476, 'Das ***-System des Internets funktioniert ähnlich wie ein Telefonbuch: Es verwaltet die Zuweisung zwischen Namen und Nummern. *-Server übersetzen Namensanforderungen in IP-Adressen und steuern dabei, welchen Server ein Endbenutzer erreicht, wenn er in seinen Webbrowser einen Domänen-Namen eingibt.\nport 53', 'dns.webp', 'https://en.wikipedia.org/wiki/Domain_Name_System', 1),
(477, 'DAV ', 'dav.png', 'https://de.wikipedia.org/wiki/Doppelader', 1),
(478, 'In computing, a computer bus operating with ***transfers data on both the rising and falling edges of the clock signal. This is also known as double pumped, dual-pumped, and double transition. ', 'dds.jpg', 'https://en.wikipedia.org/wiki/Double_data_rate#:~:text=In%20computing%2C%20a%20computer%20bus,context%20of%20NAND%20flash%20memory.', 1),
(479, 'est un type de mémoire à circuit intégré utilisé dans les ordinateurs depuis 2000 et communément abrégée sous le sigle DDR', 'ddrsdram.webp', 'https://en.wikipedia.org/wiki/DDR_SDRAM', 1),
(480, 'DXE', 'dxe.jpg', NULL, 1),
(481, '**** est un format de barrette mémoire vive qui est utilisé sur les ordinateurs depuis l’abandon progressif du format SIMM. Ce format est exploité par les mémoires SDRAM et DDR SDRAM.', 'dimm.jpg', 'https://de.wikipedia.org/wiki/Dual_Inline_Memory_Module', 1),
(482, '*** est une forme particulière de boîtier de circuit intégré qui connecte un circuit intégré au monde extérieur sur deux rangées de pattes, d\'où leur nom, \"dual\".', 'dip.jpg', 'https://en.wikipedia.org/wiki/Dual_in-line_package', 1),
(483, 'zentrale vergabe von ip-adresse & konfiguration\n The server listens on UDP port number 67, and the client listens on UDP port number 68', 'dhcp.jpg', 'https://en.wikipedia.org/wiki/Dynamic_Host_Configuration_Protocol', 1),
(484, 'zentrale vergabe von ip-adresse & konfiguration\nClients listen for DHCP messages on UDP port 546. Servers and relay agents listen for DHCP messages on UDP port 547.', 'dhcpv6.png', NULL, 1),
(485, '*** is a type of random-access semiconductor memory that stores each bit of data in a memory cell, usually consisting of a tiny capacitor and a transistor, both typically based on metal-oxide-semiconductor (MOS) technology.', 'dram.jpg', 'https://en.wikipedia.org/wiki/Dynamic_random-access_memory', 1),
(486, 'Frequenzspektrum wir gemeinsam für 5G und LTE genutzt', '5gdss.png', NULL, 1),
(487, '**** regelt die Nutzung elektronischer Kommunikationsdienste innerhalb der Europäischen Union und soll die Datenschutzrichtlinie für elektronische Kommunikation (Richtlinie 2002/58/EG) ersetzen. ', 'epvo.webp', NULL, 1),
(488, 'ELAM ', 'elam.png', NULL, 1),
(489, '*** historically held everything that did not belong elsewhere', 'etc.jpg', NULL, 1),
(490, '*** is an IEEE standardized definition of directional radio frequency (RF) power, such as that emitted by a radio transmitter. It is the total power in watts that would have to be radiated by a half-wave dipole antenna to give the same radiation intensity (signal strength or power flux density in watts per square meter) as the actual source antenna at a distant receiver located in the direction of the antenna\'s strongest beam (main lobe).', 'erp.png', 'https://en.wikipedia.org/wiki/Effective_radiated_power', 1),
(491, ' IPO(english)', 'ipo.jpg', 'https://de.wikipedia.org/wiki/EVA-Prinzip', 1),
(492, 'EAV', 'eav.jpg', NULL, 1),
(493, ' ****** ist ein nichtflüchtiger, elektronischer Speicherbaustein, dessen gespeicherte Information elektrisch gelöscht werden kann. Er ist verwandt mit anderen löschbaren Speichern, wie dem durch UV-Licht löschbaren *****s und dem ebenfalls elektrisch löschbaren Flash-Speicher. ', 'eeprom.jpg', 'https://en.wikipedia.org/wiki/EEPROM', 1),
(494, '*** is a disturbance generated by an external source that affects an electrical circuit by electromagnetic induction, electrostatic coupling, or conduction.', 'emi.jpg', 'https://en.wikipedia.org/wiki/Electromagnetic_interference', 1),
(495, ' *** the use of automated methods to process commercial data.', 'edp.jpg', 'https://en.wikipedia.org/wiki/Electronic_data_processing', 1),
(496, '***/***-568A/B  ist ein Standard für die Kontaktierung von achtpoligen RJ-45-Steckern und Buchsen in den zwei Varianten ***-568A und ***-568B.', 'eiatia.jpg', 'https://de.wikipedia.org/wiki/TIA-568A/B', 1),
(497, '*** ist eine technische Anwendung der Elektrolumineszenz zur Umwandlung elektrischer Energie in Licht   ', 'elf.jpg', NULL, 1),
(498, '*** bezeichnet die Fähigkeit eines technischen Geräts, andere Geräte nicht durch ungewollte elektrische oder elektromagnetische Effekte zu stören oder durch andere Geräte gestört zu werden', 'emv.jpg', 'https://en.wikipedia.org/wiki/Electromagnetic_interference', 1),
(499, '*** bezeichnet die elektronische Erfassung, Bearbeitung, den Transport sowie Aus- und Wiedergabe von Daten.', 'edv.jpg', 'https://de.wikipedia.org/wiki/Elektronische_Datenverarbeitung', 1),
(500, '*** is an approach to public-key cryptography based on the algebraic structure of elliptic curves over finite fields. *** allows smaller keys compared to non-EC cryptography (based on plain Galois fields)[vague] to provide equivalent security]', 'ecc.png', NULL, 1),
(501, 'ECDH', 'ecdh.png', NULL, 1),
(502, '*** ist vorgesehen zum Abschluss des (meistens unterirdisch) ins Haus oder an die Außenwand geführten Telefonkabels („Ortsanschlusskabel“). Von dort aus führen die Endstellenleitungen zu den Endgeräte-Anschlussdosen (TAE); in der Regel mit einem Installationskabel an die „1. TAE“.', 'evz.jpg', 'https://de.wikipedia.org/wiki/Endverzweiger', 1),
(503, '**** ist eine Technologie zum Schreiben von Daten auf HDDs. Sie wurde maßgeblich von Western Digital entwickelt und ist eine Implementierungsform der energieunterstützten magnetischen Aufzeichnung. Ein elektrischer Strom erzeugt eine Hilfsenergie, die den Jitter reduziert und den Schreibvorgang optimiert. Mit ePMR lassen sich hohe Bitdichten und Festplatten mit großer Speicherkapazität realisieren', 'epmr.png', NULL, 1),
(504, '*** ist der Oberbegriff mehrerer energieunterstützter magnetischer Aufzeichungstechnologien für Festplatten (HDDs). Zu diesen Aufzeichungstechnologien zählen das Heat-Assisted Magnetic Recording (HAMR), das Microwave-Assisted Magnetic Recording (MAMR) und das Energy-Assisted Perpendicular Magnetic Recording (ePMR). Die EAMR-Technologien ermöglichen die Realisierung höherer Speicherdichten.', 'eamr.png', NULL, 1),
(505, '*** describes interrelated things of interest in a specific domain of knowledge. A basic ER model is composed of entity types (which classify the things of interest) and specifies relationships that can exist between entities (instances of those entity types).', 'erd.png', 'https://en.wikipedia.org/wiki/Entity%E2%80%93relationship_model', 1),
(506, 'WAS VON GESETZ ERLAUBT IST', 'eirp.png', 'https://en.wikipedia.org/wiki/Effective_radiated_power', 1),
(507, '***** is a type of programmable read-only memory (PROM) chip that retains its data when its power supply is switched off.\n', 'eprom.jpg', 'https://en.wikipedia.org/wiki/EPROM', 1),
(508, '***  is a dimensionless unit that is used in telephony as a measure of offered load or carried load on service-providing elements such as telephone circuits or telephone switching equipment. ', 'erl.svg', NULL, 1),
(509, '*** encodes data in such a way that a decoder can identify and correct errors in the data. Typically, data strings are encoded by adding a number of redundant bits to them. When the original data is reconstructed, a decoder examines the encoded message to check for any errors', 'ecc.webp', 'https://en.wikipedia.org/wiki/ECC_memory', 1),
(510, '*** a sequence of numbers generated by specific procedures for detecting errors in data that has been transmitted over computer networks. When bits are transmitted over the computer network, they are subject to get corrupted due to interference and network problems', 'edc.png', NULL, 1),
(511, '**** refers to a directory that contains system binaries that are essential for the operation of the system, but are typically used only by the system administrator.', 'sbin.png', NULL, 1),
(512, '*** is a technology for sending network data over power lines in a building. A device called an *** adapter plugs into a wall outlet, an Ethernet cable from your modem or bridge is plugged into the LAN port on the adapter. Network devices can then be plugged into *** adapters in wall outlets throughout the building. This eliminates the need to run Ethernet cables through the walls of the building. Of course you could use wireless technology to eliminate the need to run cables, but then there is the security problem of your network signal being available outside the walls of the building. *** adapters have builtin encryption for network security and data protection.\nThe ability to run Ethernet over power lines, even though the power line voltage is 120 volts and the Ethernet voltage is only 5 volts, is the result of the power line frequency being extremely slow (60 Hz) relative to Ethernet signal frequency (500 MHz). This means that the Ethernet signal can run on top of the power line signal without much effect on powered devices, while the 120 volt level can be filtered out of the Ethernet signal.', 'eop.png', 'https://en.wikipedia.org/wiki/Power_over_Ethernet', 1),
(513, '**** is an independent, not-for-profit, standardization organization in the field of information and communications', 'etsi.jpg', 'https://en.wikipedia.org/wiki/ETSI', 1),
(514, '*** is an extension to the Internet Protocol and to the TCP and is defined in RFC 3168. *** allows end-to-end notification of network congestion without dropping packets.', 'ecn.png', NULL, 1),
(515, '*** ***ist ein Halbleiterspeicher. Er gehört zur Gruppe der DRAMs und stellt eine geringfügige Weiterentwicklung des FPM-RAM (Fast Page Mode RAM) dar. Aufgrund seiner etwas erhöhten Datentransferrate begann er diesen etwa ab 1996 abzulösen.', 'edo.jpg', 'https://de.wikipedia.org/wiki/Extended_Data_Output_Random_Access_Memory', 1),
(516, '***** is a technology that enhances server and workstation platforms with 64-bit addressability and related instructions.', 'em64t.jpg', NULL, 1),
(517, '*** is a markup language and file format for storing, transmitting, and reconstructing arbitrary data.', 'xml.png', 'https://en.wikipedia.org/wiki/XML', 1),
(518, ' *** is an industry standard for controlling the various hardware used to connect external storage devices. It competes with some Firewire and USB standards to provide faster data transfer speeds between hardware devices.', 'eSATA.jpg', NULL, 1),
(519, '**** is a random-access memory similar in construction to DRAM but using a ferroelectric layer instead of a dielectric layer to achieve non-volatility.', 'fram.jpg', NULL, 1),
(520, '**** is a standard for data transmission in a local area network.', 'fddi.png', 'https://de.wikipedia.org/wiki/Fiber_Distributed_Data_Interface', 1),
(521, '**** is the installation and use of optical fiber from a central point directly to individual buildings such as residences, apartment buildings and businesses to provide high-speed internet access.', 'ftth.jpg', NULL, 1),
(522, '** is a high-speed data transfer protocol providing in-order, lossless delivery of raw block data. Fibre Channel is primarily used to connect computer data storage to servers in storage area networks in commercial data centers.', 'fc.png', NULL, 1),
(523, '**** is a type of fiber-optic cable installation where the fiber cable goes to a point on a shared property and the other cabling provides the connection to single homes, offices or other spaces', 'fttb.jpg', NULL, 1),
(524, ' **** bezieht sich auf die Verlegung von Glasfaserkabeln direkt bis zu den Bordsteinen in der Nähe von Häusern oder Geschäftsumgebungen', 'fttc.jpg', NULL, 1),
(525, ' **** concept routes the fiber directly to the desk or workplace. It complies with the requirements of network designers, ...', 'fttd.png', NULL, 1),
(526, '**** enables data services and broadband connections to run via a central network box, which is referred to as a node.', 'FTTN.png', NULL, 1),
(527, '**** are semiconductor devices that are based around a matrix of configurable logic blocks (CLBs) connected via programmable interconnects.**** can be reprogrammed to desired application or functionality requirements after manufacturing.', 'fpga.png', NULL, 1),
(528, '*** A transistor in which the voltage on one terminal (the gate) creates a field that allows or disallows conduction between the other two terminals (the source and drain).', 'fet.png', NULL, 1),
(529, '*** communication protocol used for the transfer of computer files from a server to a client on a computer network.\nPort 20,21', 'ftp.webp', NULL, 1),
(530, '*** Contains information about devices, drivers, and some kernel features', 'sys.png', NULL, 1),
(531, '*** is a reference describing the conventions used for the layout of a UNIX system. It has been made popular by its use in Linux distributions, but it is used by other UNIX variants as well.', 'fhs.webp', NULL, 1),
(532, '**** is a type of buffer, where the first byte to arrive is the first to leave.', 'fifo.jpg', 'https://de.wikipedia.org/wiki/First_In_%E2%80%93_First_Out', 1),
(533, 'Le *****  a est une unité de mesure de la rapidité de calcul d\'un système informatique et donc d\'une partie de sa performance.', 'flops.png', NULL, 1),
(534, '*** is a part of a computer system specially designed to carry out operations on floating point numbers. Typical operations are addition, subtraction, multiplication, division, square root, and bitshifting.', 'fpu.jpg', NULL, 1),
(535, '**** is a scalable extension of the ext3 file system, which was the default file system of Red Hat Enterprise Linux 5. Ext4 is the default file system of Red Hat Enterprise Linux 6, and can support files and file systems up to 16 terabytes in size', 'ext4.webp', NULL, 1),
(536, '*** refers to the extra bits and characters added to data packets for error detection and control.', 'fcs.jpg', 'https://en.wikipedia.org/wiki/Frame_check_sequence', 1),
(537, '*** raio : Most computers\' processors run faster than their system buses, so the *** speed is typically a ratio of the processor speed. For example, a Pentium 4 processor that runs at 2.4 GHz may have an *** speed of only 400 MHz. The CPU to FSB ratio would be 6:1.', 'download.jpg', NULL, 1),
(538, ' *** is the complete address of an internet host or computer. It provides its exact location within the domain name system (DNS) by specifying the hostname, domain name and top-level domain (TLD)', 'fqdn.png', NULL, 1),
(539, 'that integrates a 16-wide single-instruction multiple-data engine', 'fimdram.jpg', NULL, 1),
(540, '*** operation is performed in one step with a single rounding rather than performing a multiplication operation followed by an addition, with multiple roundings.', 'fma.png', NULL, 1),
(541, '*** instructions are very common for any kind of audio processing (e.g. filters), not only for their speed but also their precision properties.', 'fma3.JPG', NULL, 1),
(542, '**** is the toughest privacy and security law in the world. Though it was drafted and passed by the European Union (EU), it imposes obligations onto organizations anywhere, so long as they target or collect data related to people in the EU.', 'gdpr.jpg', NULL, 0),
(543, 'english name from DSGVO **** is the toughest privacy and security law in the world. Though it was drafted and passed by the European Union (EU), it imposes obligations onto organizations anywhere, so long as they target or collect data related to people in the EU.', 'gdpr.jpg', NULL, 1),
(544, '*** lists terms and conditions for the copying, modification and redistribution of open source software. ', 'gpl.png', NULL, 1),
(545, '**** is an uncommitted digital signal pin on an integrated circuit or electronic circuit board which may be used as an input or output, or both, and is controllable by software. **** have no predefined purpose and are unused by default.', 'gpio.jpg', 'https://en.wikipedia.org/wiki/General-purpose_input/output#:~:text=A%20general%2Dpurpose%20input%2Foutput,and%20are%20unused%20by%20default.', 1),
(546, '*** Standard für Anbindung von DECT Geräten', 'gap.png', NULL, 1),
(547, 'BSIG', 'bsig.png', NULL, 1),
(548, '*** head technology builds on existing read/write technology found in TFI and anisotropic MR, producing heads that exhibit a higher sensitivity to changing magnetisation on the disc and work on spin-dependent electron scattering', 'gmr.png', NULL, 1),
(549, '**** is a standard for transceivers, first defined in 1995 and commonly used with Gigabit Ethernet and Fibre Channel for some time. By offering a standard, hot swappable electrical interface, a single gigabit port can support a wide range of physical media, from copper to long-wave single-mode optical fiber, at lengths of hundreds of kilometers.', 'GBIC.jpg', NULL, 1),
(550, '**** eine geschützte Bezeichnung für ein aus Stecker und Buchse (auch Konnektor) bestehendes Stecksystem der Kategorie 7 (beziehungsweise 7A) zur LAN-Verkabelung von Datenkommunikationssystemen (beispielsweise Ethernet in einem Cat-7-Datennetz).', 'gg45.jpg', NULL, 1),
(551, '*** sind Kabel für die Signalübertragung. Sie setzen sich aus vielen einzelnen Glasfasern zusammen, die aus Quarzglas als Übertragungsmedium bestehen und einen Lichtwellenleiter (LWL) bilden.', 'gfk.jpg', NULL, 1),
(552, 'Unter einem *** versteht man ein Netz, das über unbegrenzte geographische Entfernungen mehrere Wide Area Networks verbinden kann', 'gan.png', NULL, 1),
(553, '**** ist eine Zahl mit 128 Bit (16 Bytes), die in verteilten Computersystemen zum Einsatz kommt. **** stellt eine Implementierung des Universally-Unique-Identifier-Standards (UUID) dar.', 'guid.png', NULL, 1),
(554, ' **** is a tool for booting and loading operating system kernels and the default bootloader for systems based on the Linux kernel. Although it runs first when a machine is turned on, regular users rarely see GRUB in action. It functions automatically and requires no user input.', 'grub.png', NULL, 1),
(555, '**** is double data rate (DDR) memory specialized for fast rendering on graphics cards (GPUs).', 'GDDR.jpg', NULL, 1),
(556, '*** is a form of user interface that allows users to interact with electronic devices through graphical icons and audio', 'gui.png', NULL, 1),
(557, '*** are fundamental computing engines. But as computing demands evolve, it is not always clear what the differences are between CPUs and ***s and which workloads are best to suited to each.', 'gpu.jpg', NULL, 1),
(558, '*** Die acht Grundsätze lauten: Klarheit und Übersichtlichkeit, Richtigkeit und Willkürfreiheit, Vollständigkeit, Einzelbewertung, Wertaufhellung, Ordnungsmäßigkeit, Sicherheit und den Beleggrundsatz.', 'gob.png', NULL, 1),
(559, '*** is a standard for the layout of partition tables of a physical computer storage device, such as a hard disk drive or solid-state drive, using universally unique identifiers, which are also known as globally unique identifiers (GUIDs).', 'gpt.webp', NULL, 1),
(560, '#', 'hdd.webp', NULL, 1),
(561, '*** is a layer of programming that allows a computer operating system to interact with a hardware device at a general or abstract level rather than at a detailed hardware level.', 'hal.webp', NULL, 1),
(562, 'in der DIVO', 'hvt.jpg', NULL, 1),
(563, 'HWR ', 'hwr.jpg', NULL, 1),
(564, '**** is a magnetic storage technology for greatly increasing the amount of data that can be stored on a magnetic device such as a hard disk drive by temporarily heating the disk material during writing, which makes it much more receptive to magnetic effects and allows writing to much smaller regions', 'HAMR.png', NULL, 1);
INSERT INTO `definition` (`definition_id`, `definition_text`, `img`, `link`, `stat`) VALUES
(565, '**-*** is an obsolete high-density optical disc format for storing data and playback of high-definition video. Supported principally by Toshiba, HD DVD was envisioned to be the successor to the standard DVD format.', 'hddvd.jpg', NULL, 1),
(566, '***** ein Datenübertragungsverfahren und eine Weiterentwicklung des UMTS-Standards (3G)', 'HSDPA.png', NULL, 1),
(567, '**** ist eine Erweiterung des Mobilfunkstandards UMTS, die höhere Datenübertragungsraten ermöglicht. Sie gliedert sich in HSDPA  (3G)', 'HSDPA.png', NULL, 1),
(568, '***** is a 3G mobile telephony protocol in the HSPA family.', 'HSUPA.png', NULL, 1),
(569, '**** is a form of digital copy protection developed by Intel Corporation  to prevent copying of digital audio and video content as it travels across connections. Types of connections include DisplayPort (DP), Digital Visual Interface (DVI), and High-Definition Multimedia Interface (HDMI)', 'Hdcp.jpg', NULL, 1),
(570, '**** is a proprietary audio/video interface for transmitting uncompressed video data and compressed or uncompressed digital audio data from an HDMI-compliant source device, such as a display controller, to a compatible computer monitor, video projector, digital television, or digital audio device.', 'hdmi.jpg', 'https://en.wikipedia.org/wiki/HDMI', 1),
(571, 'Eine Höheneinheit  **, ist eine für Elektronikgehäuse (englisch Rack) verwendete Maßeinheit zur Beschreibung der Höhe des Gerätes. ', 'he.png', NULL, 1),
(572, '*** ist eine Geräteklassendefinition zum Ersetzen von PS/2-Connectors durch einen generischen USB-Treiber, um ***-Geräte wie Tastaturen, Maus, Gamecontroller usw. zu unterstützen. Vor *** konnten Geräte nur streng definierte Protokolle für Maus und Tastaturen verwenden', 'hid.png', NULL, 1),
(573, 'übertrageung von Webseiten\nport 80', 'http.png', NULL, 1),
(574, '** is formerly known as Lightning Data Transport (LDT), and is a technology for interconnection of computer processors. It is a bidirectional serial/parallel high-bandwidth, low-latency point-to-point link that was introduced on April 2, 2001.', 'ht.png', NULL, 1),
(575, '****** ist eine Methode mit sechs Schritten, die in vielen Situationen erfolgreich angewendet werden kann.', 'iperka.jpg', NULL, 1),
(576, 'The Client ID in DHCPv6 consists of two parts: a DHCP Unique Identifier (DUID) and an Identity Association Identifier (IAID). The DUID identifies the client system (rather than just an interface, as in DHCPv4), and the IAID identifies the interface on that system.', 'iaid.jpg', NULL, 1),
(577, '  *** is a screen technology for liquid-crystal displays. In ***, a layer of liquid crystals is sandwiched between two glass surfaces. The liquid crystal molecules are aligned parallel to those surfaces in predetermined directions.   ', 'ips.jpg', NULL, 1),
(578, ' mainboard Formfaktoren', 'itx.jpg', NULL, 1),
(579, '***  ist verantwortlich für die Planung, Umset- zung, Prüfung und Verbesserung der Informationssicherheit einer Behörde. Er berichtet und berät die gesamtverantwortungstragende Behördenleitung in Fragen der Informa- tionssicherheit.', 'isb.jpg', NULL, 1),
(580, '* is defined by the International Electrotechnical Commission (IEC) under the international standard IEC 60529 which classifies and provides a guideline to the degree of protection provided by mechanical casings and electrical enclosures against intrusion, dust, accidental contact, and water', 'ip20.png', NULL, 1),
(581, 'input processing output', 'ipo.jpg', NULL, 1),
(582, 'In computer science, an ***, also called computer architecture, is an abstract model of a computer. A device that executes instructions described by that ***, such as a central processing unit (CPU), is called an implementation.', 'ISA.png', NULL, 1),
(583, '*** is a software application that provides comprehensive facilities to computer programmers for software development', 'ide.png', NULL, 1),
(584, '*** is an American multinational corporation and technology company headquartered in Santa Clara, California. It is the world\'s largest semiconductor chip manufacturer by revenue, and is one of the developers of the x86 series of instruction sets, the instruction sets found in most personal computers.', 'intel.jpg', NULL, 1),
(585, '**** is a GPU built into the processor. Integrated graphics hardware doesn\'t use a separate memory bank for graphics/video. Instead, the GPU uses system memory that is shared with the CPU.', 'igpu.webp', NULL, 1),
(586, '*** is a digital circuit that manages the flow of data going to and from the computer\'s main memory. A memory controller can be a separate chip or integrated into another chip, such as being placed on the same die or as an integral part of a microprocessor; in the latter case, it is usually called an ***. A memory controller is sometimes also called a memory chip controller (MCC) or a memory controller unit (MCU). MCC MCU IMC', 'imc.jpg', NULL, 1),
(587, '**** is a set of communication standards for simultaneous digital transmission of voice, video, data, and other network services over the digitalised circuits of the public switched telephone network', 'isdn.webp', NULL, 1),
(588, '***** *** **** describes a standardized client–server environment that boots a software assembly, retrieved from a network, on PXE-enabled clients. On the client side it requires only a PXE-capable network interface controller (NIC), and uses a small set of industry-standard network protocols such as DHCP and TFTP.', 'intel_pxe_boot.png', NULL, 1),
(589, '*****-**  is a capability provided in Intel processors that enables multiple operating systems and environments to consolidate and host on a single processor.', 'INTEL-VT .png', NULL, 1),
(590, ' *** is an American multinational technology corporation headquartered in Armonk, New York and present in over 175 countries', 'ibm.png', NULL, 1),
(591, '*** ist eine Technologie- und Industriemesse, die jährlich im Sommer in den Messehallen unter dem Berliner Funkturm stattfindet.', 'ifa.jpg', NULL, 1),
(592, '**** is a standards organization that oversees global IP address allocation, autonomous system number allocation, root zone management in the Domain Name System, media types, and other Internet Protocol-related symbols and Internet numbers.', 'iana.png', NULL, 1),
(593, '****/ping  Verfügbarkeits- Prüfung u. Diagnose', 'ICMP.png', NULL, 1),
(594, 'The Internet Engineering Steering Group (IESG) is responsible for technical management of IETF activities and the Internet standards process.', 'iesg.png', NULL, 1),
(595, 'The Internet Engineering Task Force is a standards organization for the Internet and is responsible for the technical standards that make up the Internet protocol suite. It has no formal membership roster or requirements and all its participants are volunteers.', 'iesg.gif', NULL, 1),
(596, 'the process of listening to Internet Group Management Protocol  network traffic to control delivery of IP multicasts. Network switches with **** snooping listen in on the **** conversation between hosts and routers and maintain a map of which links need which IP multicast transmission. Multicasts may be filtered from the links which do not need them, conserving bandwidth on those links.', 'igmp.jpg', NULL, 1),
(597, '**** is a standard email retrieval (incoming) protocol. It stores email messages on a mail server and enables the recipient to view and manipulate them as though they were stored locally on their device(s).', 'imapjpg.jpg', NULL, 1),
(598, 'is a secure network protocol suite that authenticates and encrypts packets of data to provide secure encrypted communication between two computers over an Internet Protocol network. It is used in virtual private networks.', 'ipsec.png', NULL, 1),
(599, '****  Dabei werden Fernsehprogramme und Medieninhalte nicht auf die bislang klassischen Wege wie Kabel, Satellit oder DVB-T2 empfangen. Stattdessen werden sie über ein IP-Netzwerk abgerufen. Das funktioniert ähnlich wie das Telefonieren übers Internet (VoIP)', 'iptv.jpg', NULL, 1),
(600, '*** is the company that provides your internet access.', 'isp.png', NULL, 1),
(601, '***** an Internet Protocol-based storage networking standard for linking data storage facilities. iSCSI provides block-level access to storage devices by carrying SCSI commands over a TCP/IP network.', 'iSCSI.jpg', NULL, 1),
(602, '***-*** is a Europe-wide service offered by ***-*** Global GmbH that offers internet access via satellite.', 'sky-dsl.jpg', NULL, 1),
(603, 'In a computer, an * is a hardware signal sent to the processor that temporarily stops a running program and allows a special program, an interrupt handler, to run instead. Hardware interrupts are used to handle events such as receiving data from a modem or network card, key presses, or mouse movements', 'irq.png', NULL, 1),
(604, 'Header Length—Technically, this is the ***. It is the length of the IP header in 4-byte (32-bit) units known as “words,” and includes any option fields present and padding needed to align the header on a 32-bit boundary. ', 'ihl.png', NULL, 1),
(605, '*** ist eine Anschlussdose für Endgeräte am S0-Bus in ISDN-Installationen.', 'iae.jpg', NULL, 1),
(606, 'it-sig', 'it-sig.png', NULL, 1),
(607, '*** is a distribution of Java Technology by Oracle Corporation. It implements the Java Language Specification and the Java Virtual Machine Specification and provides the Standard Edition of the Java Application Programming Interface.', 'jdk.jpg', NULL, 1),
(608, ' *** is the underlying technology that communicates between the Java program and the operating system.', 'jre.jpg', NULL, 1),
(609, '**** is an open standard file format and data interchange format that uses human-readable text to store and transmit data objects consisting of attribute–value pairs and arrays (or other serializable values). It is a common data format with diverse us', 'json.jpg', 'https://en.wikipedia.org/wiki/JSON', 1),
(610, 'The ***** Solid State Technology Association is an independent semiconductor engineering trade organization and standardization body headquartered in Arlington County, Virginia, United States.', 'jedec.png', NULL, 1),
(611, '*** est un système de fichiers journalisé mis au point par IBM et disponible sous licence GPL. Il est disponible sur les plates-formes suivantes : AIX, Linux, OS/2 et eComStation.', 'jfs.jpg', NULL, 1),
(612, ' **** is a type of multilevel configuration for disks. It refers to a collection of disks in a computer system or array combined as one logical volume. ', 'jbod.jpg', NULL, 1),
(613, 'in der Ortslage ', 'kvz.jpg', NULL, 1),
(614, '****** is a computer program at the core of a computer\'s operating system and generally has complete control over everything in the system. It is the portion of the operating system code that is always resident in memory and facilitates interactions between hardware and software components.', 'kernel.png', NULL, 1),
(615, 'Key Exchange Key Datenbank', 'kek.jpg', NULL, 1),
(616, '*** werden aus der Wahrheits-tabelle alle Zellen ausgewählt, bei denen die Ausgangsvariable „0“ zeigt. Die einzelnen Zeilen werden mit UND verknüpft. Die Eingangsvariablen, die in der jeweiligen Zeile „1“ haben, werden negiert geschrieben. Die Eingangsvariablen werden mit ODER verknüpft.\n(A OR B) AND (C OR D)', 'knf.png', NULL, 1),
(617, '*** ****is a type of surface-mount packaging for integrated circuits (ICs) that is notable for having the pins on the socket (when a socket is used) rather than the integrated circuit.[1] An *** Board can be electrically connected to a printed circuit board (PCB) either by the use of a socket or by soldering directly to the board.', 'lga.jpg', NULL, 1),
(618, 'Gerätespezifische Merkmale, Funktionen', 'lm.jpg', NULL, 1),
(619, '*** essential for the binaries in /bin and /sbin', 'lib.png', NULL, 1),
(620, 'Die Fasern der *** bestehen aus Quarzglas oder Kunststoff. Bei in einem Kabel gebündelten *** spricht man meist von Glasfaserkabeln. Ein *** überträgt optische Signale in Form von Licht.', 'lwl.jpg', NULL, 1),
(621, '*** a semiconductor device that emits light when current flows through it. Electrons in the semiconductor recombine with electron holes, releasing energy in the form of photons. The color of the light is determined by the energy required for electrons to cross the band gap of the semiconductor.     ', 'led.png', NULL, 1),
(622, '**** is a file system that allows files stored on magnetic tape to be accessed in a similar fashion to those on disk or removable flash drives.', 'ltfs.gif', NULL, 1),
(623, '*** technology originally developed in the late 1990s as an open standards alternative to the proprietary magnetic tape formats that were available at the time.     ', 'lto.jpg', NULL, 1),
(624, '*** is a flat-panel display or other electronically modulated optical device that uses the light-modulating properties of liquid crystals combined with polarizers. Liquid crystals do not emit light directly but instead use a backlight or reflector to produce images in color or monochrome.', 'lcd.jpg', NULL, 1),
(625, '*** is a computer network that interconnects computers within a limited area such as a residence, school, laboratory', 'lan.png', NULL, 1),
(626, '*** is a common scheme used for specifying the location of blocks of data stored on computer storage devices, generally secondary storage systems such as hard disk drives', 'lba.jpg', NULL, 1),
(627, '*** is a fourth-generation (4G) wireless standard that provides increased network capacity and speed for cellphones and other cellular devices compared with third-generation (3G) technology.', 'lte.png', NULL, 1),
(628, '*** steht für löt-, schraub- und abisolierfrei. Die LSA-Schneidklemmtechnik ist ein Verbindungsverfahren, welches ein schnelles Auflegen einzelner Adern (z.B. bei Netzwerk-Verlegekabel) ermöglicht. ', 'lsa.jpg', NULL, 1),
(629, '** is a field of inquiry devoted to understanding and building methods that \'learn\', that is, methods that leverage data to improve …', 'ml.jpg', NULL, 1),
(630, '*** is a special removable disk. The design of the drive allows the inserted disk to be exposed to the magnetic head on one side and to the laser on the other side. Its writing speed is faster than that of diskettes, but is slower than that of CD/DVD drives. ', 'mod.jpg', NULL, 1),
(631, '**** is a type of non-volatile random-access memory which stores data in magnetic domains.', 'mram.jpg', NULL, 1),
(632, 'Bei diesen Angriffen versucht ein Angreifer, sich zwischen zwei Kommunikationspartnern zu positionieren, um Daten abzufangen oder zu manipulieren.', 'mitm.png', NULL, 1),
(633, '*** refers to a type of access control by which the operating system or database constrains the ability of a subject or initiator to access or generally perform some sort of operation on an object or target.', 'mac.jpg', 'https://en.wikipedia.org/wiki/Mandatory_access_control', 1),
(634, ' **** chips contain a software mask that is burned onto the chip during the design phase of the semiconductor manufacturing process.', 'mrom.jpg', NULL, 1),
(635, '*** enthält ein Startprogramm für BIOS-basierte Computer (IBM-PC-kompatible Computer) und eine Partitionstabelle.', 'mbr.webp', NULL, 1),
(636, 'In computer networking, *** is the size of the largest protocol data unit (PDU) that can be communicated in a single network layer transaction. The MTU relates to, but is not identical to the maximum frame size that can be transported on the data link layer, e.g. Ethernet frame.', 'mtu.jpg', NULL, 1),
(637, 'MTBF ', 'mtbf.webp', NULL, 1),
(638, '*** Address is a unique identifier assigned to every active network equipment unit. The *** address is used within the segment of a network as a network address in the majority of the networking technologies, including Ethernet, Wi-Fi and Bluetooth.', 'mac.webp', NULL, 1),
(639, '*** was introduced with DDS-2 drives and cartridges to detect the medium type and prevent the loading of an improper medium.***', 'mrs.jpg', NULL, 1),
(640, '*** is a digital circuit that manages the flow of data going to and from the computer\'s main memory. A memory controller can be a separate chip or integrated into another chip, such as being placed on the same die or as an integral part of a microprocessor; in the latter case, it is usually called an integrated memory controller (IMC). A memory controller is sometimes also called a memory chip controller (MCC)  or a memory controller unit (MCU).\n MCC MCU IMC', 'mcc.jpg', NULL, 1),
(641, '*** is a digital circuit that manages the flow of data going to and from the computer\'s main memory. A memory controller can be a separate chip or integrated into another chip, such as being placed on the same die or as an integral part of a microprocessor; in the latter case, it is usually called an integrated memory controller (IMC). A memory controller is sometimes also called a memory chip controller (MCC)  or a memory controller unit (MCU). \nMCC MCU IMC', 'mcu.png', NULL, 1),
(642, 'is a widely used hash function producing a 128-bit hash value.', 'md5.png', NULL, 1),
(643, 'MAN', 'man.png', NULL, 1),
(644, '*** ein Hersteller von Computerhardware, wurde im August 1986 in Taiwan gegründet. Der Hauptsitz des Unternehmens befindet sich im Bezirk Zhonghe der Stadt Neu-Taipeh', 'msi.png', NULL, 1),
(645, ' is an operating system for x86-based personal computers mostly developed by Microsoft. ', 'msdos.png', NULL, 1),
(646, '*** is a component of Microsoft Windows that provides system administrators and advanced users an interface for configuring and monitoring the system.', 'mmc.png', NULL, 1),
(647, 'A Microsoft Reserved Partition is a partition of a data storage device, which is created to reserve a portion of disk space for possible subsequent use by a Windows operating system installed on a separate partition.', 'msr.webp', NULL, 1),
(648, '**** ist ein technisches Verfahren, das in modernen Festplatten zur Steigerung der Speicherkapazität zum Einsatz kommen kann. ', 'mamr.png', NULL, 1),
(649, '**** is an Invalidate-based cache coherence protocol, and is one of the most common protocols that support write-back caches.', 'mesi.png', NULL, 1),
(650, '***** is a full cache coherency protocol that encompasses all of the possible states commonly used in other protocols. In addition to the four common MESI protocol states, there is a fifth \"Owned\" state representing data that is both modified and shared. ', 'moesi.gif', NULL, 1),
(651, '*** Temporarily mounted filesystems.', 'mnt.jpg', NULL, 1),
(652, '***, ist eine Verallgemeinerung der Zwei-Faktor-Authentisierung, bei der die Zugangsberechtigung durch mehrere unabhängige Merkmale (Faktoren) überprüft wird. ', 'mfa.png', NULL, 1),
(653, '***   flash is a type of NAND flash memory that can store more than 1 bit per cell. NAND flash is a form of nonvolatile storage memory, which allows it to retain data without being attached to a power source.', 'mlc.png', NULL, 1),
(654, 'Multi-user MIMO is a set of multiple-input and multiple-output technologies for multipath wireless communication, in which multiple users or terminals, each radioing over one or more antennas, communicate with one another. ', 'mumimo.png', NULL, 1),
(655, '*** technology is a type of VA technology. It was developed in 1996 by the Fujitsu company. ', 'mva.gif', NULL, 1),
(656, '*** is a single instruction, multiple data (SIMD) instruction set architecture designed by Intel, introduced on January 8, 1997\n\n', 'mmx.jpg', NULL, 1),
(657, '**** is an antenna technology for wireless communications in which multiple antennas are used at both the source (transmitter) and the destination (receiver). ', 'mimo.png', NULL, 1),
(658, ' *** ist eine Möglichkeit, die Handhabung von Aufgaben zu priorisieren, wenn Daten verschoben werden.', 'ncq.jpg', NULL, 1),
(659, 'NstA', 'NstA.jpg', NULL, 1),
(660, ' is a protocol of the Internet protocol suite used with IPv6. It operates at the link layer of the Internet model, and is responsible for gathering various information required for network communication, including the configuration of local connections and the domain name servers and gateways.', 'ndp.png', NULL, 1),
(661, 'The initials of nmbd stand for NetBIOS Message Block Daemon. The nmbd server daemon understands and replies to NetBIOS name service requests such as those produced by SMB/CIFS in Windows-based systems. The smbd server daemon provides file sharing and printing services to Windows clients.', 'nmbd.png', NULL, 1),
(662, 'nbns', 'nbns.png', NULL, 1),
(663, ' *** is a method of mapping an IP address space into another by modifying network address information in the IP header of packets while they are in transit across a traffic routing device.', 'nat.png', NULL, 1),
(664, '*** is a file-level storage architecture that makes stored data more accessible to networked devices. *** is 1 of the 3 main storage architectures—along with storage area networks (SAN) and direct-attached storage (DAS)', 'nas.png', NULL, 1),
(665, '***  is a distributed file system protocol originally developed by Sun Microsystems in 1984, allowing a user on a client computer to access files over a computer network much like local storage is accessed.', 'nfs.png', NULL, 1),
(666, '*** is a distributed file system protocol originally developed by Sun Microsystems in 1984, allowing a user on a client computer to access files over a computer network much like local storage is accessed.', NULL, NULL, 0),
(667, '*** ist eine Hardwarekomponente, in der Regel eine Steckkarte im Computer oder ein Chip auf dem Mainboard. Mit der NIC kann ein Computer an ein Netzwerk angeschlossen werden.', 'nic.jpg', NULL, 1),
(668, 'nmbd is a server that understands and can reply to NetBIOS over IP name service requests, like those produced by SMB/CIFS clients such as Windows 95/98/ME, Windows NT, Windows 2000, Windows XP and LanManager clients', NULL, NULL, 0),
(669, 'entspricht der 1. TAE (mit PPA)', 'nta.webp', NULL, 1),
(670, '***** ist Router bei DSL\n!= unter dem Begriff Splitter BBAE', 'ntbba.jpg', NULL, 1),
(671, '**** ist das Netzabschlussgerät bei einem ISDN-Basisanschluss. Bei der Deutschen Telekom steht **** auch als Abkürzung für Network Termination Basisanschluss bzw. Netzterminator Basisanschluss.', 'ntba.jpg', NULL, 1),
(672, '*** port 37\nsynchronisation der Uhrzeit', 'ntp.png', NULL, 1),
(673, ' **** is a proprietary journaling file system developed by Microsoft. Starting with Windows NT 3.1, it is the default file system of the Windows NT family. ', 'ntfs.png', NULL, 1),
(674, '*** is a body of key architectural changes in telecommunication core and access networks. The general idea behind the NGN is that one network transports all information and services (voice, data, and all sorts of media such as video) by encapsulating these into IP packets, similar to those used on the Internet. ', 'ngn.jpg', NULL, 1),
(675, 'nicht fernsprecher fernsprecher nicht fernsprecher', 'nfn.jpg', NULL, 1),
(676, '***** is random-access memory that retains data without applied power.', 'nvram.webp', NULL, 1),
(677, '***** is a low-level API for heterogeneous computing that runs on CUDA-powered GPUs. Using the ***** API, developers can launch compute kernels written using a limited subset of the C programming language on a GPU.', 'opencl.png', NULL, 1),
(678, '****  protocol is one of a family of IP Routing protocols, and is an Interior Gateway Protocol (IGP) for the Internet, used to distribute IP routing information throughout a single Autonomous System (AS) in an IP network.', 'ospf.jpg', NULL, 1),
(679, '*** is a routing protocol for Internet Protocol networks. It uses a link state routing algorithm and falls into the group of interior gateway protocols, operating within a single autonomous system', NULL, NULL, 0),
(680, 'The *** model is a conceptual model that \'provides a common basis for the coordination of [***] standards development for the purpose of systems interconnection', 'osi.jpeg', NULL, 1),
(681, '***  ist ein gleichspannungsgekoppelter Verstärker mit einem sehr hohen Verstärkungsfaktor. Der Name stammt aus der Verwendung in Analogrechnern und geht auf den mathematischen Begriff des Operators bzw. der Rechen-Operation zurück. ', 'opv.jpg', NULL, 1),
(682, 'Ont  = medienkonvertwer\nforms the user-side line termination between the optical part of the access network and the user\'s home network or telephone cabling.', 'ont.png', NULL, 1),
(683, '**** used for the installation of optional software packages, which are not part of the core operating system distribution', 'opt.jpg', NULL, 1),
(684, '**** is a technology that uses LEDs in which the light is produced by organic molecules. These organic LEDs are used to create what are considered to be the world\'s best display panels.     ', 'oled.jpg', NULL, 1),
(685, '*** Eine organisatorisch eindeutige Kennung ist eine 24-Bit-Nummer, die einen Anbieter, Hersteller oder eine andere Organisation eindeutig identifiziert. ', 'oui.png', 'https://en.wikipedia.org/wiki/Organizationally_unique_identifier', 1),
(686, '*** is an organization that makes devices from component parts bought from other organizations.', 'oem.png', NULL, 1),
(687, '**: in einem Telefonnetz bezeichnet einen auf eine oder mehrere Ortschaften geografisch begrenzten Teil des Zugangsnetzes. In Ländern ohne nationale Rufnummernportabilität der Teilnehmerrufnummern umfasst ein Ortsnetz alle Anschlüsse, die unter derselben Ortsnetzkennzahl zu erreichen sind', 'on.jpg', NULL, 1),
(688, ' *** Prevents damage resulting from excessive power output. This is usually activated when the power to connected components reaches 130% to 150%. OCP (Over Current Protection): Protects against the potential dangerous effects of pushing too much current into the PSU ', 'opp.png', NULL, 1),
(689, '*** ist eine elektronische Einrichtung, die bei Überschreiten einer zulässigen Stromstärke den Stromkreis unterbricht und dadurch einen übermäßigen Temperaturanstieg in den Stromleitern verhindert. ', 'opp.png', NULL, 1),
(690, '*** is a type of non-volatile random-access memory', 'oum.jpg', NULL, 1),
(691, '**** is a process performed by firmware or software routines immediately after a computer or other digital electronic device is powered on.', 'post.jpg', NULL, 1),
(692, 'icmp/**** Verfügbarkeits- Prüfung u. Diagnose', 'download.jpg', NULL, 1),
(693, '*** dient zu Messzwecken im Telefonnetz. In der Fernmeldetechnik wird dem Telefonbenutzer eine Netzbetreiber-TAE-Anschlussdose …', 'ppa.jpg', NULL, 1),
(694, 'When a host sees a\n     multicast query, but does not see the corresponding multicast\n     response, it can use this information to promptly delete stale data\n     from its cache.  To achieve the same level of user-interface\n     quality and responsiveness without multicast responses would\n     require lower cache lifetimes and more frequent network polling,\n     resulting in a higher packet rate.', 'poof.webp', NULL, 1),
(695, '*** is a type of thin-film transistor (TFT) liquid crystal display. It is a wide viewing angle technology best known for use in Samsung TVs for improving front screen performance at different angles.  ', 'pva.png', NULL, 1),
(696, '*** is a local computer bus for attaching hardware devices in a computer and is part of the *** Local Bus standard.', 'pci.jpg', NULL, 1),
(697, '*** is also called CMR Conventional Magnetic Recording). *** aligns the poles of a magnetic element perpendicular to the surface of the disk in a hard drive. Magnetic elements in this technology represent bits of data. Tracks are written side by side and do not overlap.', 'pmr.jpg', NULL, 1),
(698, '**** is a free license', 'puel.jpg', NULL, 1),
(699, '*** also known as PCME, PRAM, PCRAM, OUM (ovonic unified memory) and C-RAM or CRAM (chalcogenide RAM)) is a type of non-volatile random-access memory.', 'pcm.jpg', NULL, 1),
(700, 'also known as PCM, PCME, PRAM, *****, OUM (ovonic unified memory) and C-RAM or CRAM (chalcogenide RAM)) is a type of non-volatile random-access memory.', 'pcram.jpg', NULL, 1),
(701, '*** are extremely sensitive detectors of light in the ultraviolet, visible, and near-infrared ranges of the electromagnetic spectrum. They are members of the class of vacuum tubes, more specifically vacuum phototubes.', 'pmt.jpg', NULL, 1),
(702, '*** ist ein Wert für die Zeitspanne, die ein Paket oder Daten auf einem Computer oder in einem Netzwerk vorhanden sein sollten, bevor sie verworfen werden.', 'PingTTL.png', NULL, 1),
(703, ' **** Übersetzt bedeutet dies Planen-Ausführen-Überprüfen-Anpassen.', 'pdca.png', NULL, 1),
(704, 'Platform Key', 'pk.jpg', NULL, 1),
(705, 'is a TCP/IP protocol that is used to connect one computer system to another. ', 'ppp.png', NULL, 1),
(706, 'Kabelmantel und DA im Aussenbereich Cat. 3', 'pe.jpg', NULL, 1),
(707, '*** ist Kabelmantel und DA im Innenbereich Cat. 3 / Kabelmantel Datenkabel TP', 'pvc.jpg', NULL, 1),
(708, ' *** sind Lichtwellenleiter aus Kunststoff, die primär für die Datenübertragung eingesetzt werden, in Form von Seitenlichtfasern aber auch in der (indirekten) Beleuchtung zum Einsatz kommen.', 'pof.jpg', NULL, 1),
(709, 'ping pong', 'pong.webp', NULL, 1),
(710, '*** allows an administrator to just use one IP address and configure his clients to use certain ports that will allow traffic', 'nat1.png', NULL, 1),
(711, 'email empfang\nport 110', 'pop3.jpg', NULL, 1),
(712, '*** is the process of compensating for the lagging current by creating a leading current by connecting capacitors to the supply. A sufficient capacitance is connected so that the power factor is adjusted to be as close to unity as possible. ', 'pfc.webp', NULL, 1),
(713, '*** is a technology for sending power over Ethernet network cables.\nSometimes a device needs to be installed in a location where there is no power outlet. This is particularly common when placing wireless access points or IP security cameras. Ethernet network cables, such as Cat 5e and Cat 6, are comprised of eight wires arranged as four twisted pairs. In 10BASE-T and 100BASE-T Ethernet, two of these pairs are used for sending network data. The other two pairs are unused and are retained as spare pairs (Gigabit Ethernet uses all four pairs). A device called an *** adapter plugs into a wall outlet. An Ethernet cable is plugged into the LAN port on the adapter. The *** adapter reduces the power line voltage to typically 48 volts and injects it onto the unused pair in the cable. Because electrical currents flow in a loop, two conductors are required to deliver power over a cable.\n', 'poe.png', NULL, 1),
(714, 'Pre EFI Initialization', 'preefi.png', NULL, 1),
(715, '*** ist ein von Phil Zimmermann entwickeltes Programm zur Verschlüsselung und zum Unterschreiben von Daten.', 'pgp.png', NULL, 1),
(716, '*** Anschluss steht für die digitale Schnittstelle zwischen der ISDN Leitung und einer Telefonanlage mit 30 Nutzkanälen (B-Kanälen). Zusätzlich ist ein Steuerkanal und ein Synchronisationskanal enthalten.', 'pmx.jpg', NULL, 1),
(717, '**** Virtual filesystem providing process and kernel information as files.', 'proc.jpg', NULL, 1),
(718, '*** refers to the integration of a processor with Random Access Memory (RAM) on a single chip.', 'pim.png', NULL, 1),
(719, '*** ist ein Ablaufdiagramm für ein Computerprogramm, das auch als Flussdiagramm (engl. flowchart) oder Programmstrukturplan bezeichnet wird. Es ist eine grafische Darstellung zur Umsetzung eines Algorithmus in einem Programm und beschreibt die Folge von Operationen zur Lösung einer Aufgabe.', 'pap.jpg', NULL, 1),
(720, '**** is a form of digital memory where the contents can be changed once after manufacture of the device. The data is then permanent and cannot be changed. It is one type of read-only memory (ROM).', 'prom.jpg', NULL, 1),
(721, '**** is a combination of telephone networks used worldwide, including telephone lines, fiber optic cables, switching centers, cellular networks, satellites and cable systems. A PSTN lets users make landline telephone calls to one another.', 'pstn.png', NULL, 1),
(722, '*** Erzeugung einer hochfrequenten Rechteckspannung, Modulation der Pulsweite zur Belastungsausgleich ', 'pwm.png', NULL, 1),
(723, '*** ist nach wie vor eine der wichtigsten Rollen im Rahmen des Qualitätsmanagement-Systems. Er ist ein Bindeglied zwischen allen Prozessen und Abteilungen und kommuniziert mit den Führungskräften auf Augenhöhe.', 'qmb.jpg', NULL, 1),
(724, '*** besteht darin, Datenverkehr so zu manipulieren, dass ein Netzwerkgerät wie ein Router oder Switch ihn entsprechend den erforderlichen Verhaltensweisen der Anwendungen, die diesen Datenverkehr generieren, weiterleitet.', 'qos.png', NULL, 1),
(725, '**** is a class of display that uses the electroluminescence of QDs through injecting and recombining electrons and holes at the QD emitter.', 'qled.jpg', NULL, 1),
(726, '*** is a magnetic tape data storage format introduced by 3M in 1972,[1] with derivatives still in use as of 2016. ', 'qic.jpg', NULL, 1),
(727, '** is a unit of measure defined as 1+3⁄4 inches (44.45 mm) It is most frequently used as a measurement of the overall height of 19-inch and 23-inch rack frames, as well as the height of equipment that mounts in these frames, whereby the height of the frame or equipment is expressed as multiples of rack units.', 'ru.jpg', NULL, 1),
(728, '*** is the conduction or radiation of radio frequency energy that causes an electronic or electrical device to produce noise that typically interferes with the function of an adjacent device.', 'rfi.jpg', NULL, 1),
(729, '*****  types of synchronous dynamic random-access memory developed by Rambus from the 1990s through to the early 2000s. ', 'rdram.jpg', NULL, 1),
(730, '**** ist ein Speichermodul für die Rambus-Architektur.', 'RIMM.png', NULL, 1),
(731, '***  is a form of computer memory that can be read and changed in any order, typically used to store working data and machine code.', 'ram.jpg', NULL, 1),
(732, ' is a combination of three fast digital-to-analog converters (DACs) with a small static random-access memory (SRAM) used in computer graphics display controllers or video cards to store the color palette and to generate the analog signals (usually a voltage amplitude) to drive a color monitor.', 'ramdac.jpg', 'https://en.wikipedia.org/wiki/RAMDAC', 1),
(733, '*** is a hardware component in modern graphics processing units (GPUs) and one of the final steps in the rendering process of modern graphics cards.', 'rop.png', 'https://en.wikipedia.org/wiki/Render_output_unit', 1),
(734, '*** is a type of non-volatile memory used in computers and other electronic devices. ', 'rom.jpg', NULL, 1),
(735, '***** is a standard originally introduced in 1960 for serial communication transmission of data.', 'rs232.jpg', NULL, 1),
(736, '**** is a microprocessor that is designed to perform a smaller number of types of computer instructions so that it can operate at a higher speed', 'risc.jpg', NULL, 1),
(737, '**** is a data storage virtualization technology that combines multiple physical disk drive components into one or more logical units for the purposes of data redundancy, performance improvement, or both.', 'raid.png', NULL, 1),
(738, '**** is a standardized telecommunication network interface for connecting voice and data equipment to a service provided by a local exchange carrier or long distance carrier. ', 'RJ45.jpg', NULL, 1),
(739, '*** is a publication in a series from the principal technical development and standards-setting bodies for the Internet, most prominently the Internet Engineering Task Force (IETF).', 'rfc.png', NULL, 1),
(740, '*** is an approach to restricting system access to authorized users. It is an approach to implement mandatory access control (MAC) or discretionary access control (DAC).', 'rbac.jpg', 'https://en.wikipedia.org/wiki/Role-based_access_control', 1),
(741, '*** is one of the oldest distance-vector routing protocols which employs the hop count as a routing metric. RIP prevents routing loops by implementing a limit on the number of hops allowed in a path from source to destination.', 'rip.jpg', NULL, 1),
(742, '***  a signal, or strobe, sent by the processor to a DRAM circuit to activate a row address.', 'ras.png', NULL, 1),
(743, '**** Minimum time required for a row to be active to ensure data can be accessed from it', 'tras.jpg', NULL, 1),
(744, '**** The time it takes to read memory after the memory is ready', 'trcd.jpg', NULL, 1),
(745, '*** The time it takes for memory to have a new row ready for using data', 'trp.jpg', NULL, 1),
(746, '**** is a time in cycles to refresh a row on a memory bank. So lower **** results in better performance. You can probably lower it quite a lot if you\'re running at stock clocks', 'trfc.png', NULL, 1),
(747, 'Run Time', 'rt.jpg', NULL, 1),
(748, '*** is the name used by Tandberg Data for its line of QIC based tape drives. ', 'slr.jpg', NULL, 1),
(749, '*** is a brand name for a deprecated multi-GPU technology developed by Nvidia for linking two or more video cards together to produce a single output.', 'sli.png', 'https://de.wikipedia.org/wiki/Scalable_Link_Interface', 1),
(750, '**** is a file system for the Linux kernel. It was initially designed by French software developer Rémy Card as a replacement for the extended file system (ext)', 'ext2.png', NULL, 1),
(751, 'is a modified version of MD5 and used for hashing data and certificates', 'sha.png', NULL, 1),
(752, 'SSH, auch bekannt als Secure Shell oder Secure Socket Shell, ist ein Netzwerkprotokoll, das Benutzern, insbesondere Systemadministratoren, eine sichere Möglichkeit bietet, über ein ungesichertes Netzwerk auf einen Computer zuzugreifen. Neben der Bereitstellung von sicheren Netzwerkdiensten bezieht sich SSH auf die Suite von Dienstprogrammen, die das SSH-Protokoll implementieren.', 'ssh.png', NULL, 1),
(753, 'SSL Stands for secure sockets layer. Protocol for web browsers and servers that allows for the authentication, encryption and decryption of data sent over the Internet.', 'ssl.png', NULL, 1),
(754, '*** Datei is a database file in  that stores users\' passwords.', 'sam.png', NULL, 1),
(755, '***: in windows  is a unique, immutable identifier of a user, user group, or other security principal. ', 'sid.jpg', NULL, 1),
(756, 'is a monitoring system included in computer hard disk drives', 'smart4.png', NULL, 1),
(757, '**** is a command and transport protocol that defines how data is transferred between a computer\'s motherboard and mass storage devices, such as  HDDs, optical drives and SSDs.', 'sata.webp', NULL, 1),
(758, 'is a point-to-point serial protocol that moves data to and from computer-storage devices such as hard disk drives.  *** is a high-speed data transfer protocol that is designed for demanding enterprise storage environments.', 'sas.jpg', NULL, 1),
(759, ' *** is a point-to-point serial protocol that moves data to and from computer-storage devices such as hard disk drives and tape drives. SAS replaces the older Parallel SCSI bus technology that first appeared in the mid-1980s.', 'sas.jpg', NULL, 1),
(760, '*** is a client-server communication protocol used for sharing access to files, printers, serial ports and other resources on a network.\n*** nutzt einen der IP-Ports 139 und 445.', 'smb.png', NULL, 1),
(761, 'smbd is the server daemon that provides filesharing and printing services to Windows clients. The server provides filespace and printer services to clients using the SMB (or CIFS) protocol.', 'smbd.png', NULL, 1),
(762, '*** Site-specific data served by this system, such as data and scripts for web servers, data offered by FTP servers, and repositories for version control systems', 'srv.png', NULL, 1),
(763, '*** record is a specification of data in the Domain Name System defining the location, i.e., the hostname and port number, of servers for specified services.', 'download.jpg', NULL, 1),
(764, '**** ist der Name eines WLAN Netzwerks.', 'ssid.webp', NULL, 1),
(765, '*** is a special kind of copper telephone and local area network (LAN) wiring used in some business installations', 'stp.jpg', NULL, 1),
(766, '***is a technique for writing data to a hard disk drive (HDD) whereby the data tracks partially overlap to increase the areal density and overall storage capacity per disk.', 'smr.jpg', NULL, 1),
(767, '*** Prevents the motherboard from burning due to high temperature output. ', 'scp.jpg', NULL, 1),
(768, 'XFS ist ein vom Unternehmen *** entwickeltes Journaling-Dateisystem für Unix-artige Betriebssysteme wie Linux', 'sgi.png', NULL, 1),
(769, '**** für email-versand, \nport 25', 'smtp.png', NULL, 1),
(770, 'netzwerk-management\nport 161,162', 'snmp.png', NULL, 1),
(771, '**** est un protocole réseau basé sur la suite de protocoles Internet pour la diffusion et la découverte de services de réseau et d\'informations de présence. Il accomplit cette tâche sans l\'aide de mécanismes de configuration basés sur le serveur, tels que le protocole DHCP (Dynamic Host Configuration Protocol) ou le DNS (Domain Name System), et sans configuration statique particulière d\'un hôte de réseau.', 'ssdp', NULL, 1),
(772, '*** is a technique for improving the overall efficiency of superscalar CPUs with hardware multithreading.', 'smt.jpg', NULL, 1),
(773, 'SDR SDRAM', 'SDR_SDRAM.jpg', NULL, 1),
(774, '**** is a type of parallel processing in Flynn\'s taxonomy. * can be internal (part of the hardware design) and it can be directly accessible through an instruction set architecture (ISA), but it should not be confused with an ISA.', 'simd.jpg', NULL, 1),
(775, '***  is one type of memory cell that is used in flash memory. In a *** , data is stored as one bit per memory cell. Since data is recorded by setting voltage at either of two levels only (\"high\" or \"low\"), the effect of noise is hardly incurred.', 'slc.jpg', NULL, 1),
(776, '****: Es handelt sich um eine Sammlung von Standards, die Schnittstellen und Protokolle zur Übertragung von Daten zwischen Computersystemen und Massenspeichern wie Festplatten oder optischen Laufwerken definiert.', 'scsi.jpg', NULL, 1),
(777, '***  is a compact, hot-pluggable network interface module format used for both telecommunication and data communications applications.', 'sfp.jpg', NULL, 1),
(778, '**-**** is a smaller alternative to a DIMM, being roughly half the physical size of a regular DIMM', 'so-dimm.png', NULL, 1),
(779, ' IC packages', 'sop.jpg', NULL, 1),
(780, '**** directory that contains snap packages', 'snap.webp', NULL, 1),
(781, 'Festplatte  Solid State Drives', 'ssd.jpg', NULL, 1),
(782, '**** is a logical or physical storage device that combines a faster storage medium such as solid-state drive with a higher-capacity hard disk drive. The intent is adding some of the speed of SSDs to the cost-effective storage capacity of traditional HDDs. ', 'sshd.jpg', NULL, 1),
(783, '**** is the individual address for access into the upper layers of the network protocol stack', 'ssap.jpg', NULL, 1),
(784, 'is a mnemonic acronym, giving criteria to guide in the setting of goals and objectives that are assumed to give better results, for example in project management, employee-performance management and personal development.', 'download.jpg', 'https://en.wikipedia.org/wiki/SMART_criteria', 1),
(785, 'SAR', 'sar.jpg', NULL, 1),
(786, '*** is a single byte, 10101011, which is a frame flag, indicating the start of a frame. ', 'sfd.png', NULL, 1),
(787, 'Stateful Packet Inspection FIREWALL', 'spi.jpg', NULL, 1),
(788, '**** is a type of RAM  that retains data bits in its memory as long as power is being supplied. Unlike dynamic RAM (DRAM), which must be continuously refreshed, **** does not have this requirement, resulting in better performance and lower power usage.', 'sram.jpg', NULL, 1),
(789, '*** is a computer network which provides access to consolidated, block-level data storage. \ndas san nas!!', 'san.jpg', NULL, 1),
(790, '**** is a transport-layer protocol that ensures reliable, in-sequence transport of data. SCTP provides multihoming support where one or both endpoints of a connection can consist of more than one IP address. This enables transparent failover between redundant network paths.', 'sctp.png', NULL, 1),
(791, 'is a single instruction, multiple data (SIMD) instruction set extension to the x86 architecture, designed by Intel and introduced in 1999', 'sse.png', NULL, 1),
(792, ' ist eine x86-Befehlssatzerweiterung, die Intel mit dem Pentium 4 einführte. SSE2 ermöglicht die Verarbeitung von Gleitkommazahlen mit doppelter Genauigkeit', 'sse2.png', NULL, 1),
(793, 'is the third iteration of the SSE instruction set for the IA-32 (x86) architecture.', 'sse3.png', NULL, 1),
(794, '**** is a SIMD CPU instruction set used in the Intel Core microarchitecture and AMD K10 (K8L). It was announced on September 27, 2006,', 'sse41.png', NULL, 1),
(795, '****added STTNI (String and Text New Instructions),[10] several new instructions that perform character searches and comparison on two operands of 16 bytes at a time. ', 'simd.jpg', NULL, 1),
(796, '*** is : DDL – Data Definition Language\nDQL – Data Query Language\nDML – Data Manipulation Language\nDCL – Data Control Language', 'sql.png', NULL, 1),
(797, '**** refers to a standard used for transmitting IP datagrams across IEEE 802 networks. This means that the IP datagrams can be routed on IEEE 802 networks encapsulated inside the **** data link layers 802.3, 802.4 or 802.5, physical network layers, and the 802.2 LLC.', 'snap.gif', NULL, 1),
(798, 'Supplemental Streaming SIMD Extensions 3 (SSSE3 or SSE3S) is a SIMD instruction set created by Intel and is the fourth iteration of the SSE technology.', 'ssse3.png', NULL, 1),
(799, 'is a method in which the electrical components are mounted directly onto the surface of a printed circuit board', 'smd.jpg', NULL, 1),
(800, '**** hat transmits digital data over the copper wires of the telephone network, where the bandwidth in the downstream direction, from the network to the subscriber, is identical to the bandwidth in the upstream direction, from the subscriber to the network.', 'sdsl.png', NULL, 1),
(801, '*** systems are tightly coupled multiprocessor systems with a pool of homogeneous processors running independently of each other.', 'smp.png', NULL, 1),
(802, '***** is any DRAM where the operation of its external pin interface is coordinated by an externally supplied clock signal ...', 'sdram.webp', NULL, 1),
(803, '*** is a single-ended simple two-wire bus for the purpose of lightweight communication.', 'smbus.png', NULL, 1),
(804, '*** is an integrated circuit that integrates most or all components of a computer or other electronic system. ', 'soc.jpg', NULL, 1),
(805, '***  (kurz  genannt) sind durch die DSGVO vorgeschriebene Maßnahmen, die die Sicherheit der Verarbeitung personenbezogener Daten gewährleisten sollen. TOM umfassen ein Bündel bestimmter Instrumente, mit denen Unternehmen den Datenschutz gewährleisten müssen.', 'tom.jpg', NULL, 1),
(806, '***  ist eine Anschlusstechnik für Endgeräte in der Telekommunikationstechnik. In Deutschland und teilweise auch in Liechtenstein und Luxemburg wird TAE als Anschlussdose für analoge Telefonanschlüsse und ISDN-Anschlüsse zum Anschließen des NTBA an die Anschlussleitung benutzt', 'tae.jpg', NULL, 1),
(807, '*** Telekommunikationsgesetz 1998', 'tkg.jpg', NULL, 1),
(808, 'Telemediengesetz', 'tmg.png', NULL, 1),
(809, '**** is a security protocol used in the IEEE 802.11 wireless networking standard.', 'tkip.jpg', NULL, 1),
(810, '*** Directory for temporary files (see also /var/tmp). Often not preserved between system reboots and may be severely size-restricted', 'tmp.jpg', NULL, 1),
(811, '*** est un circuit intégré spécifique pour une application (ASIC) application-specific integrated circuit , développé par Google spécifiquement pour accélérer les systèmes d\'intelligence artificielle par réseaux de neurones.', 'tpu.jpg', NULL, 1),
(812, '**** is a measurement of the overall performance of a supercomputer or a high-end circuit board containing multiple processors or SOCs (systems-on-chip).', 'tpm.png', NULL, 1),
(813, 'port 23\n****** is a network protocol used to virtually access a computer and to provide a two-way, collaborative and text-based communication channel between two machines. It follows a user command Transmission Control Protocol/Internet Protocol (TCP/IP) networking protocol for creating remote sessions.', 'telnet.jpg', NULL, 1),
(814, '*** is a component in modern graphics processing units (GPUs). They are able to rotate, resize, and distort a bitmap image to be placed onto an arbitrary plane of a given 3D model as a texture, in a process called texture mapping.', 'tmu.png', 'https://en.wikipedia.org/wiki/Texture_mapping_unit', 1),
(815, '*** is the maximum power that one should be designing the system for.', 'tdp.jpg', NULL, 1),
(816, '**** ist ein Chipgehäusetyp für die Oberflächenmontage (SMD) von integrierten Schaltkreisen (ICs).', 'tsop.png', NULL, 1),
(817, '*** is a special type of field-effect transistor (FET) where the transistor is thin relative to the plane of the device.[1] TFTs are grown on a supporting (but non-conducting) substrate.', 'tft.png', NULL, 1),
(818, '*** is a special type of field-effect transistor where the transistor is made by thin film deposition. TFTs are grown on a supporting substrate. A common substrate is glass, because the traditional application of TFTs is in liquid-crystal displays.', NULL, NULL, 0),
(819, '****  is a journaled file system that is commonly used by the Linux kernel. It used to be the default file system for many popular Linux distributions.', 'ext3.png', NULL, 1),
(820, 'Tracks per Inch ', 'tpi.png', NULL, 1),
(821, ' is an extension to the x86 instruction set architecture (ISA) that adds hardware transactional memory support, speeding up execution of multi-threaded software through lock elision.', 'tsx.jpg', NULL, 1),
(822, 'Transient System Load', 'tsl.png', NULL, 1),
(823, '*** Transistor–transistor logic is a logic family built from bipolar junction transistors. Its name signifies that transistors perform both the logic function and the amplifying function, as opposed to earlier resistor–transistor logic and diode–transistor logic.', 'ttl.webp', NULL, 1);
INSERT INTO `definition` (`definition_id`, `definition_text`, `img`, `link`, `stat`) VALUES
(824, '*** is a communications standard that enables application programs and computing devices to exchange messages over a network', 'tcp.png', NULL, 1),
(825, 'Transport Layer Security () encrypts data sent over the Internet to ensure that eavesdroppers and hackers are unable to see what you transmit which is particularly useful for private and sensitive information such as passwords, credit card numbers, and personal correspondence.', 'tls.png', NULL, 1),
(826, '****: datei transfer\n port 69', 'tftp.jpg', NULL, 1),
(827, '*** is a computer chip (microcontroller) that can securely store artifacts used to authenticate the platform (your PC or laptop). These artifacts can include passwords, certificates, or encryption keys.', 'tpm.png', NULL, 1),
(828, '** was a main technology breakthrough that made LCDs practical. Unlike earlier displays, TN-cells did not require a current to flow for operation and used low operating voltages suitable for use with batteries. ', 'tn.png', NULL, 1),
(829, '*** is an optical disc format designed for high-density storage of high-definition video and data. ', 'udo.jpg', NULL, 1),
(830, '*** under Voltage Protection ', 'uvp.png', NULL, 1),
(831, '**** replaces the legacy Basic Input/Output System (BIOS) boot firmware originally present in all IBM PC-compatible personal computers', 'uefi.png', NULL, 1),
(832, '*** is a general-purpose, developmental modeling language in the field of software engineering that is intended to provide a ..', 'uml.webp', NULL, 1),
(833, 'Uninterruptible power supply ', 'ups.webp', NULL, 1),
(834, 'Übertragungsverfahren für den Mobilfunk der dritten Generation (3G)', 'umts.jpg', NULL, 1),
(835, '*** is a standard for naming resources -- such as files and devices -- that are shared by computers on a network', 'unc.jpg', NULL, 1),
(836, ' ****  is a service that allows devices on the same local network to discover each other and automatically connect through standard networking protocols', 'upnp.webp', NULL, 1),
(837, 'Universal Serial Bus', 'usb.jpg', NULL, 1),
(838, '*** ist eine Endgeräteanschlussdose nach dem RJ-Standard. Verwendet werden *** für analoge und digitale Kommunikationsendgeräte, wie Telefon und ISDN-Karten. ', 'uae.jpg', NULL, 1),
(839, '**** is a 128-bit label used for information in computer systems. The term globally unique identifier (GUID) is also used.', 'uuid.jpg', NULL, 1),
(840, 'unshielded twisted pair', 'utp.jpg', NULL, 1),
(841, 'Unterbrechungsfreie Stromversorgung', 'usv.webp', NULL, 1),
(842, '**** Gesetz über Urheberrecht und verwandte Schutzrechte', 'urhg.png', NULL, 1),
(843, '*** Secondary hierarchy for read-only user data; contains the majority of (multi-)user utilities and applications. Should be shareable and read-only', 'usr.jpg', NULL, 1),
(844, '*** mandatory access control enforcement feature introduced with Microsoft\'s Windows Vista and Windows Server 2008 operating systems', 'uac.gif', NULL, 1),
(845, '*** ist ein Kommunikationsprotokoll, das auf dem Internet Protokoll aufbaut und kurze Datenpakete sendet, die auch Datagramme genannt werden. * ist ein verbindungsloses und ungesichertes Netzwerkprotokoll.', 'udp.png', NULL, 1),
(846, ' *** files whose content is expected to continually change during normal operation of the system, such as logs, spool files, and temporary e-mail files', 'var.jpg', NULL, 1),
(847, '**** versteht sich als praxisnahes Kompetenz-Netzwerk für Politik, Verwaltung und Wirtschaft, das die Transformation von analogen zu digitalen Identitäten vorantreibt. ', 'vsdi.png', NULL, 1),
(848, '**** : digital subscriber line (DSL) technologies providing data transmission faster than the earlier standards of asymmetric digital subscriber line (ADSL) ', 'vdsl.jpg', NULL, 1),
(849, ' is an American technical standards organization for computer display standards. The organization was incorporated in California in July 1989[1] and has its office in San Jose.', 'vesa.png', 'https://de.wikipedia.org/wiki/Video_Electronics_Standards_Association', 1),
(850, '*** is a standard connector used for computer video output.', 'vga.jpg', 'https://en.wikipedia.org/wiki/VGA_connector', 1),
(851, '**** refers to any type of RAM specifically used to store image data for a computer display. it\'s purpose is to ensure the even and smooth execution of graphics display.', 'vram.png', NULL, 1),
(852, 'Gegenüber dem VHD-Format bietet die ****-Datei zahlreiche Vorteile. Eine der wichtigsten darunter ist, dass die Größe der virtuellen Festplatte nicht mehr auf zwei Terabyte begrenzt ist, sondern bis zu 64 Terabyte betragen kann.', 'vhdx.png', NULL, 1),
(853, 'virtual hard disks', 'vhd.jpg', NULL, 1),
(854, '*** a service that helps you stay private online.', 'vpn.png', NULL, 1),
(855, '*** ist ein Teilgebiet der Makroökonomie. Es handelt sich um ein statistisches Werk mehrerer Teilrechnungen, die die Leistung einer Volkswirtschaft erfassen. ', 'vgr.jpg', NULL, 1),
(856, '**** Teilgebiet der Wirtschaftswissenschaft. Sie untersucht Zusammenhänge bei der Erzeugung und Verteilung von Gütern und Produktionsfaktoren. Die Volkswirtschaftslehre beschäftigt sich auch mit menschlichem Handeln unter *ökonomischen Bedingungen, das heißt mit den Fragen, wie menschliches Handeln ökonomisch begründet werden kann und welches Handeln den größtmöglichen Nutzen für den Einzelnen oder eine Gemeinschaft bringt. Mit ihr wird nach Gesetzmäßigkeiten und Handlungsempfehlungen für die Wirtschaftspolitik gesucht; ferner werden einzelwirtschaftliche Vorgänge im Rahmen der Mikroökonomie und gesamtwirtschaftliche im Rahmen der Makroökonomie betrachtet.', 'vwl.png', NULL, 1),
(857, '*** Voltage and Frequency Dependent from mains supply \nUPS OFFLINE', 'vfd.png', NULL, 1),
(858, '*** is an electronic component with an electrical resistance that varies with the applied voltage. It has a nonlinear, non-ohmic current–voltage characteristic that is similar to that of a diode. = Varistor ', 'vdr.jpg', NULL, 1),
(859, '*** Voltage Independent from mains supply\nUPS LINE INTERACTIVE immer mit AVR ZUSAMMEN ', 'vi.png', NULL, 1),
(860, '*** is a buck converter that provides microprocessor and chipset the appropriate supply voltage, converting +3.3 V, +5 V or +12 V to lower voltages required by the devices, allowing devices with different supply voltages be mounted on the same motherboard. ', 'vrm.jpg', '\nhttps://de.wikipedia.org/wiki/Voltage_Regulator_Module', 1),
(861, '*** is the revolutionary central processor for our deep learning computer system.  ', 'wse.webp', NULL, 1),
(862, 'Wecker groß', 'wgr.jpg', NULL, 1),
(863, 'Wecker klein', 'wkl.jpg', NULL, 1),
(864, '*** Verschlüsselungsmethode für ein Drahtlosnetzwerk (Wireless LAN)', 'wpa.png', NULL, 1),
(865, 'Wide area network', 'wan.jpg', NULL, 1),
(866, 'Windows \nPowerShell ***', 'windows_powershell_ise.jpg', NULL, 1),
(867, 'Verschlüsselungsmethode für ein Drahtlosnetzwerk (Wireless LAN)', 'wep.png', NULL, 1),
(868, 'Wireless Fidelity', 'wifi.webp', NULL, 1),
(869, '***** ist eine drahtlose Zugangstechnik zu Breitbandinternet', 'wimax.jpg', NULL, 1),
(870, 'xampp', 'xampp.jpg', NULL, 1),
(871, '*** ist ein vom Unternehmen Silicon Graphics (SGI) entwickeltes Journaling-Dateisystem für Unix-artige Betriebssysteme wie Linux', 'xfs.jpg', NULL, 1),
(872, '****** (Your IP address) It is an IP address assigned by the DHCP server to the DHCP client. siaddr—Server IP address, from which the client obtained configuration parameters.', 'yiaddr.png', NULL, 1),
(873, '*** is a file system with volume management capabilities.', 'zfs.png', NULL, 1),
(874, 'It is a fiber optic instrument used to characterize, troubleshoot and maintain optical telecommunication networks. OTDR testing is performed by transmitting and analyzing pulsed laser light traveling through an optical fiber. The measurement is said to be unidirectional as the light is insert at extremity of a fiber optic cable link.', 'otdr.jpg', NULL, 1),
(875, 'is a cloud computing model that provides on-demand access to computing resources such as servers, storage, networking, and virtualization.', 'Iaas.jpg', NULL, 1),
(876, ' is a complete development and deployment environment in the cloud, with resources that enable you to deliver everything from simple cloud-based apps to sophisticated, cloud-enabled enterprise applications.', 'paas.png', NULL, 1),
(877, 'allows users to connect to and use cloud-based apps over the Internet. Common examples are email, calendaring, and office tools (such as Microsoft Office 365).', 'saas.png', NULL, 1),
(878, 'Ziel dieses Bausteins ist es aufzuzeigen, wie ein funktionierendes Managementsystem für\nInformationssicherheit (ISMS) eingerichtet und im laufenden Betrieb weiterentwickelt werden kann.\nDer Baustein beschreibt dazu Schritte eines systematischen Sicherheitsprozesses und gibt Anleitungen\nzur Erstellung eines Sicherheitskonzeptes', 'bsi.png', NULL, 1),
(879, 'Ziel des Bausteins ist es, dass Benutzer oder auch IT-Komponenten ausschließlich auf die ITRessourcen und Informationen zugreifen können, die sie für ihre Arbeit benötigen und für die sie\nautorisiert sind, und unautorisierten Benutzern oder IT-Komponenten den Zugriff zu verwehren. Dazu\nwerden Anforderungen formuliert, mit denen Institutionen ein sicheres Identitäts- und\nBerechtigungsmanagement aufbauen sollten', 'bsi.png', NULL, 1),
(880, 'BSI CON', 'bsi.png', NULL, 1),
(881, 'BSI OPS', 'bsi.png', NULL, 1),
(882, 'BSI DER', 'bsi.png', NULL, 1),
(883, 'BSI APP', 'bsi.png', NULL, 1),
(884, 'BSI SYS', 'bsi.png', NULL, 1),
(885, 'BSI IND', 'bsi.png', NULL, 1),
(886, 'BSI NET', 'bsi.png', NULL, 1),
(887, 'BSI INF', 'bsi.png', NULL, 1),
(888, '****** provides authentication and authorization of users or devices when dialing into a dial-in network or layer 2 access to a LAN or WLAN. The RADIUS server plays a central role.', 'radius.png', NULL, 1),
(889, 'ist die unabhängige Plattform für Normung und Standardisierung in Deutschland und weltweit.', 'din.png', NULL, 1),
(890, 'englisch work breakdown structure; abgekürzt WBS) ist das Ergebnis einer Gliederung des Projekts in plan- und kontrollierbare Elemente. Ein Projekt wird im Rahmen der Strukturierung in Teilaufgaben und Arbeitspakete unterteilt.', 'psp.png', NULL, 1),
(891, 'Die deutsche Zivilprozessordnung regelt das gerichtliche Verfahren in bürgerlichen Rechtsstreitigkeiten und trat in der ursprünglichen Fassung am 1. Oktober 1879 als Teil der Reichsjustizgesetze in Kraft.', 'zpo.jpg', NULL, 1),
(892, 'is a text file format that uses commas to separate values.', 'csv.gif', NULL, 1),
(893, 'is a network resource name for a share point on a workstation. The resource name includes the workstation name assigned to the workstation and a name you assign to a drive or directory so that it can be shared. The name you assign is also called a share point name.', 'unc.png', NULL, 1),
(894, 'An interior gateway protocol (IGP) is a dynamic route update protocol used between routers that run on TCP/IP hosts within a single autonomous system. The routers use this protocol to exchange information about IP routes.', 'igp.png', NULL, 1),
(907, ' ***  encompasses everything used to establish and manage public key encryption. This includes software, hardware, policies, and procedures that are used to create, distribute, manage, store, and revoke digital certificates.', 'pki.jpg', 'https://en.wikipedia.org/wiki/Public_key_infrastructure', 1),
(908, '***** is a networking protocol that provides centralized authentication, authorization, and accounting management for users who connect and use a network service. RADIUS was developed by Livingston Enterprises in 1991 as an access server authentication and accounting protocol.', 'radius.png', 'https://en.wikipedia.org/wiki/RADIUS', 1),
(909, '*** is a super-long series of seemingly random letters and numbers generated when a device joins a network through a Wi-Fi access point (AP). The process begins when a user logs into the network using the SSID (name of the network) and password (sometimes called a passphrase).', 'psk.png', 'https://de.wikipedia.org/wiki/Pre-shared_key', 1),
(910, '***  is a secure password-based authentication and password-authenticated key agreement method. WPA3 SAE has a transition mode (sometimes called mixed mode) created to allow WPA2 clients to co-exist on the same SSID used for WPA3.', 'sae.webp', 'https://en.wikipedia.org/wiki/Simultaneous_Authentication_of_Equals', 1),
(911, '*** is a device or software application that monitors a network or systems for malicious activity or policy violations.', 'ids.webp', 'https://en.wikipedia.org/wiki/Intrusion_detection_system#:~:text=An%20intrusion%20detection%20system%20(IDS,malicious%20activity%20or%20policy%20violations.', 1),
(912, '**** is the set of policies in a business that allows employees to use their own devices – phone, laptop, tablet or whatever – to access business applications and data, rather than forcing employees to use company-provided devices for that purpose.', 'byod.jpg', 'https://en.wikipedia.org/wiki/Bring_your_own_device', 1),
(913, '***** is a random or semi-random number that is generated for a specific use. It is related to cryptographic communication and information technology (IT). The term stands for \"number used once\" or \"number once\" and is commonly referred to as a cryptographic nonce.', 'nonce.png', 'https://de.wikipedia.org/wiki/Nonce', 1),
(914, '*** is used to encrypt all unicast traffic between a client station and the access point. PTK is unique between a client station and access point. To generate PTK, client device and access point need the following information.', 'ptk.png', 'https://en.wikipedia.org/wiki/IEEE_802.11i-2004', 1),
(915, '*** is a security feature in the APS frame that is used to detect any unauthorized change in the content of the message.', 'mic.jpg', 'https://www.digi.com/resources/documentation/Digidocs/90002002/Concepts/c_zb_message_integrity_code.htm?TocPath=Zigbee%20security%7CZigbee%20security%20model%7CNetwork%20layer%20security%7C_____2', 1),
(916, '*** is part of the key management ofWLANs according to 802.11i. The GTK key is generated by the access point by combining the Group Master Key( GMK) with a random number function(PRF) and distributed to the WLAN stations with the Key Encryption Key( KEK) via a four-way handshake.', 'gtk.png', 'https://en.wikipedia.org/wiki/IEEE_802.11i-2004', 1),
(917, ' is a contract between a service provider and its customers that documents what services the provider will furnish and defines the service standards the provider is obligated to meet. A service-level commitment (SLC) is a broader and more generalized form of an SLA.', 'sla.png', 'https://en.wikipedia.org/wiki/Service-level_agreement', 1),
(918, 'return of investmenstgs', 'x', NULL, 1),
(919, 'personal identification number', 'x', NULL, 1),
(920, 'American Standard Code for Information Interchange', 'roi.jpg', NULL, 1),
(921, 'see also ahci and raid', 'ide.jpg', NULL, 1),
(922, 'Sleep mode has gone by various names, including Stand By, Suspend and Suspend to RAM. Machine state is held in RAM and, when placed in sleep mode, the computer cuts power to unneeded subsystems and places the RAM into a minimum power state, just sufficient to retain its data. ', 'str.jpg', NULL, 1),
(923, '(STD) mode is a power managementprogram. In this mode, the running program is interrupted and the data stored in the RAM is saved to the hard disk.', 'str.jpg', NULL, 1),
(924, 'verticale software,  is software used by a company to manage key parts of operations, including accounting and resource management.', 'erp2.png', NULL, 1),
(925, '??', 'ist.jpg', NULL, 1);

-- --------------------------------------------------------

--
-- Tabellenstruktur für Tabelle `definition_short_name`
--

CREATE TABLE `definition_short_name` (
  `definition_id` int(11) NOT NULL,
  `short_name_id` int(11) NOT NULL
) ENGINE=InnoDB DEFAULT CHARSET=utf8mb4;

--
-- Daten für Tabelle `definition_short_name`
--

INSERT INTO `definition_short_name` (`definition_id`, `short_name_id`) VALUES
(330, 376),
(331, 377),
(332, 378),
(333, 379),
(334, 380),
(335, 381),
(336, 382),
(337, 383),
(338, 384),
(339, 385),
(340, 386),
(341, 387),
(342, 388),
(343, 389),
(345, 390),
(346, 392),
(347, 393),
(348, 394),
(349, 395),
(350, 396),
(351, 397),
(352, 398),
(353, 399),
(354, 400),
(355, 401),
(356, 402),
(357, 403),
(358, 404),
(359, 405),
(360, 406),
(361, 407),
(362, 408),
(363, 409),
(364, 410),
(365, 411),
(366, 412),
(367, 413),
(368, 414),
(369, 415),
(370, 416),
(371, 417),
(372, 418),
(373, 419),
(374, 420),
(375, 421),
(376, 422),
(377, 423),
(378, 424),
(379, 425),
(380, 426),
(381, 427),
(382, 428),
(383, 429),
(384, 430),
(385, 431),
(386, 432),
(387, 433),
(388, 434),
(389, 435),
(390, 436),
(391, 437),
(392, 438),
(393, 439),
(394, 440),
(395, 441),
(396, 442),
(397, 443),
(398, 444),
(399, 445),
(400, 446),
(401, 447),
(402, 448),
(403, 449),
(404, 450),
(405, 451),
(406, 452),
(407, 453),
(408, 454),
(409, 455),
(410, 456),
(411, 457),
(412, 458),
(413, 459),
(414, 460),
(415, 461),
(416, 462),
(417, 463),
(418, 464),
(419, 465),
(420, 466),
(421, 467),
(422, 468),
(423, 469),
(424, 470),
(425, 471),
(426, 472),
(427, 473),
(428, 474),
(429, 475),
(430, 476),
(431, 477),
(432, 478),
(433, 479),
(434, 480),
(435, 481),
(436, 482),
(437, 483),
(438, 484),
(439, 485),
(440, 486),
(441, 487),
(442, 488),
(443, 489),
(444, 490),
(445, 491),
(446, 492),
(447, 493),
(448, 494),
(449, 495),
(450, 496),
(451, 497),
(452, 498),
(453, 499),
(454, 500),
(455, 501),
(456, 502),
(457, 503),
(458, 504),
(459, 505),
(460, 506),
(461, 507),
(462, 508),
(463, 509),
(464, 510),
(465, 511),
(466, 512),
(467, 513),
(468, 514),
(469, 515),
(470, 516),
(471, 517),
(472, 518),
(473, 519),
(474, 520),
(475, 521),
(476, 522),
(477, 523),
(478, 524),
(479, 525),
(480, 526),
(481, 527),
(482, 528),
(483, 529),
(484, 530),
(485, 531),
(486, 532),
(487, 533),
(488, 534),
(489, 535),
(490, 536),
(491, 537),
(492, 538),
(493, 539),
(494, 540),
(495, 541),
(496, 542),
(497, 543),
(498, 544),
(499, 545),
(500, 546),
(501, 547),
(502, 548),
(503, 549),
(504, 550),
(505, 551),
(506, 552),
(507, 553),
(508, 554),
(509, 555),
(510, 556),
(511, 557),
(512, 558),
(513, 559),
(514, 560),
(515, 561),
(516, 562),
(517, 563),
(518, 564),
(519, 565),
(519, 566),
(519, 567),
(520, 568),
(521, 569),
(522, 570),
(523, 571),
(524, 572),
(525, 573),
(526, 574),
(527, 575),
(528, 576),
(529, 577),
(530, 578),
(531, 579),
(532, 580),
(533, 581),
(534, 582),
(535, 583),
(536, 584),
(537, 585),
(538, 586),
(539, 587),
(540, 588),
(541, 589),
(542, 590),
(543, 590),
(544, 592),
(545, 593),
(546, 594),
(547, 595),
(548, 596),
(549, 597),
(550, 598),
(551, 599),
(552, 600),
(553, 601),
(554, 602),
(555, 603),
(556, 604),
(557, 605),
(558, 606),
(559, 607),
(560, 608),
(561, 609),
(562, 610),
(563, 611),
(564, 612),
(565, 613),
(566, 614),
(567, 615),
(568, 616),
(569, 617),
(570, 618),
(571, 619),
(572, 620),
(573, 621),
(574, 622),
(575, 623),
(576, 624),
(577, 625),
(578, 626),
(579, 627),
(580, 628),
(581, 629),
(582, 630),
(583, 631),
(584, 632),
(585, 633),
(586, 634),
(587, 635),
(588, 636),
(589, 637),
(590, 638),
(591, 639),
(592, 640),
(593, 641),
(594, 642),
(595, 643),
(596, 644),
(597, 645),
(598, 646),
(599, 647),
(600, 648),
(601, 649),
(602, 650),
(603, 651),
(604, 652),
(605, 653),
(606, 654),
(607, 655),
(608, 656),
(609, 657),
(610, 658),
(611, 659),
(612, 660),
(613, 661),
(614, 662),
(615, 663),
(616, 664),
(617, 665),
(618, 666),
(619, 667),
(620, 668),
(621, 669),
(622, 670),
(623, 671),
(624, 672),
(625, 673),
(626, 674),
(627, 675),
(628, 676),
(629, 677),
(630, 678),
(631, 679),
(632, 680),
(633, 681),
(634, 682),
(635, 683),
(636, 684),
(637, 685),
(638, 686),
(639, 687),
(640, 688),
(641, 689),
(642, 690),
(643, 691),
(644, 692),
(645, 693),
(646, 694),
(647, 695),
(648, 696),
(649, 697),
(650, 698),
(651, 699),
(652, 700),
(653, 701),
(654, 702),
(655, 703),
(656, 704),
(657, 705),
(658, 706),
(659, 707),
(660, 708),
(661, 709),
(662, 710),
(663, 711),
(664, 712),
(665, 713),
(666, 713),
(667, 715),
(668, 709),
(669, 717),
(670, 718),
(671, 719),
(672, 720),
(673, 721),
(674, 722),
(675, 723),
(676, 724),
(677, 725),
(678, 726),
(679, 726),
(680, 728),
(681, 729),
(682, 730),
(683, 731),
(684, 732),
(685, 733),
(686, 734),
(687, 735),
(688, 736),
(689, 737),
(690, 738),
(691, 739),
(692, 740),
(693, 741),
(694, 742),
(695, 743),
(696, 744),
(697, 745),
(698, 746),
(699, 747),
(700, 748),
(701, 749),
(702, 750),
(703, 751),
(704, 752),
(705, 753),
(706, 754),
(707, 755),
(708, 756),
(709, 757),
(710, 711),
(710, 759),
(710, 760),
(711, 761),
(712, 762),
(713, 763),
(714, 764),
(715, 765),
(716, 766),
(717, 767),
(718, 768),
(719, 769),
(720, 770),
(721, 771),
(722, 772),
(723, 773),
(724, 774),
(725, 775),
(726, 776),
(727, 777),
(728, 778),
(729, 779),
(730, 780),
(731, 781),
(732, 782),
(733, 783),
(734, 784),
(735, 785),
(736, 786),
(737, 787),
(738, 788),
(739, 789),
(740, 790),
(741, 791),
(742, 792),
(743, 793),
(744, 794),
(745, 795),
(746, 796),
(747, 797),
(748, 798),
(749, 799),
(750, 800),
(751, 801),
(752, 802),
(753, 803),
(754, 804),
(755, 805),
(756, 806),
(757, 807),
(758, 808),
(759, 808),
(760, 810),
(761, 811),
(762, 812),
(763, 813),
(764, 814),
(765, 815),
(766, 816),
(767, 817),
(768, 818),
(769, 819),
(770, 820),
(771, 821),
(772, 822),
(773, 823),
(774, 824),
(775, 825),
(776, 826),
(777, 827),
(778, 828),
(779, 829),
(780, 830),
(781, 831),
(782, 832),
(783, 833),
(784, 806),
(785, 835),
(786, 836),
(787, 837),
(788, 838),
(789, 839),
(790, 840),
(791, 841),
(792, 842),
(793, 843),
(794, 844),
(795, 845),
(796, 846),
(797, 847),
(798, 848),
(799, 849),
(800, 850),
(801, 851),
(802, 852),
(803, 853),
(804, 854),
(805, 855),
(806, 856),
(807, 857),
(808, 858),
(809, 859),
(810, 860),
(811, 861),
(812, 862),
(813, 863),
(814, 864),
(815, 865),
(816, 866),
(817, 867),
(818, 867),
(819, 869),
(820, 870),
(821, 871),
(822, 872),
(823, 873),
(824, 874),
(825, 875),
(826, 876),
(827, 877),
(828, 878),
(829, 879),
(830, 880),
(831, 881),
(832, 882),
(833, 883),
(834, 884),
(835, 885),
(836, 886),
(837, 887),
(838, 888),
(839, 889),
(840, 890),
(841, 891),
(842, 892),
(843, 893),
(844, 894),
(845, 895),
(846, 896),
(847, 897),
(848, 898),
(849, 899),
(850, 900),
(851, 901),
(852, 902),
(853, 903),
(854, 904),
(855, 905),
(856, 906),
(857, 907),
(858, 908),
(859, 909),
(860, 910),
(861, 911),
(862, 912),
(863, 913),
(864, 914),
(865, 915),
(866, 916),
(867, 917),
(868, 918),
(869, 919),
(870, 920),
(871, 921),
(872, 922),
(873, 923),
(874, 924),
(875, 925),
(876, 926),
(877, 927),
(878, 928),
(879, 929),
(880, 930),
(881, 931),
(882, 932),
(883, 933),
(884, 934),
(885, 935),
(886, 936),
(887, 937),
(888, 938),
(889, 939),
(890, 940),
(891, 941),
(892, 942),
(893, 885),
(894, 390),
(907, 958),
(908, 959),
(909, 960),
(910, 961),
(911, 962),
(912, 963),
(913, 964),
(914, 965),
(915, 966),
(916, 967),
(917, 968),
(918, 969),
(919, 970),
(920, 971),
(921, 972),
(922, 973),
(923, 974),
(924, 975),
(925, 976);

-- --------------------------------------------------------

--
-- Tabellenstruktur für Tabelle `definition_subject`
--

CREATE TABLE `definition_subject` (
  `definition_id` int(11) NOT NULL,
  `subject_id` int(11) NOT NULL
) ENGINE=InnoDB DEFAULT CHARSET=utf8mb4;

--
-- Daten für Tabelle `definition_subject`
--

INSERT INTO `definition_subject` (`definition_id`, `subject_id`) VALUES
(330, 78),
(331, 78),
(332, 78),
(333, 78),
(334, 78),
(335, 78),
(336, 78),
(337, 79),
(338, 78),
(339, 78),
(340, 78),
(341, 80),
(342, 78),
(343, 80),
(344, 80),
(345, 80),
(346, 78),
(347, 80),
(348, 80),
(349, 81),
(350, 78),
(351, 78),
(352, 82),
(353, 83),
(354, 78),
(355, 78),
(356, 78),
(357, 80),
(358, 80),
(359, 78),
(360, 78),
(361, 78),
(362, 78),
(363, 78),
(364, 84),
(365, 85),
(366, 79),
(367, 79),
(368, 80),
(369, 78),
(370, 78),
(371, 78),
(372, 78),
(373, 80),
(374, 80),
(375, 78),
(376, 78),
(377, 82),
(378, 78),
(379, 84),
(380, 80),
(381, 78),
(382, 78),
(383, 78),
(384, 78),
(385, 78),
(386, 82),
(387, 79),
(388, 79),
(389, 79),
(390, 79),
(391, 78),
(392, 78),
(393, 78),
(394, 79),
(395, 80),
(396, 79),
(397, 80),
(398, 78),
(399, 80),
(400, 85),
(401, 78),
(402, 78),
(403, 86),
(404, 78),
(405, 78),
(406, 78),
(407, 80),
(408, 79),
(409, 86),
(410, 86),
(411, 84),
(412, 87),
(413, 80),
(414, 80),
(415, 80),
(416, 87),
(417, 78),
(418, 78),
(419, 78),
(420, 78),
(421, 79),
(422, 80),
(423, 79),
(424, 87),
(425, 78),
(426, 78),
(427, 78),
(428, 78),
(429, 78),
(430, 78),
(431, 78),
(432, 78),
(433, 87),
(434, 87),
(435, 87),
(436, 82),
(437, 82),
(438, 78),
(439, 78),
(440, 82),
(441, 78),
(442, 78),
(443, 82),
(444, 84),
(445, 82),
(446, 88),
(447, 88),
(448, 88),
(449, 79),
(450, 78),
(451, 88),
(452, 84),
(453, 86),
(454, 80),
(455, 80),
(456, 78),
(457, 78),
(458, 87),
(459, 80),
(460, 79),
(461, 80),
(462, 79),
(463, 79),
(464, 78),
(465, 78),
(466, 79),
(467, 78),
(468, 79),
(469, 79),
(470, 78),
(471, 78),
(472, 79),
(473, 82),
(474, 89),
(475, 84),
(476, 80),
(477, 79),
(478, 78),
(479, 78),
(480, 78),
(481, 78),
(482, 78),
(483, 80),
(484, 80),
(485, 78),
(486, 79),
(487, 82),
(488, 78),
(489, 85),
(490, 80),
(491, 78),
(492, 79),
(493, 78),
(494, 79),
(495, 78),
(496, 79),
(497, 87),
(498, 79),
(499, 78),
(500, 80),
(501, 80),
(502, 79),
(503, 78),
(504, 78),
(505, 88),
(506, 80),
(507, 78),
(508, 79),
(509, 78),
(510, 78),
(511, 85),
(512, 80),
(513, 79),
(514, 82),
(515, 78),
(516, 78),
(517, 90),
(518, 82),
(519, 78),
(520, 80),
(521, 79),
(522, 78),
(523, 79),
(524, 79),
(525, 79),
(526, 79),
(527, 82),
(528, 78),
(529, 80),
(530, 85),
(531, 85),
(532, 78),
(533, 78),
(534, 78),
(535, 85),
(536, 80),
(537, 78),
(538, 80),
(539, 78),
(540, 82),
(541, 78),
(542, 86),
(543, 84),
(544, 78),
(545, 78),
(546, 79),
(547, 82),
(548, 78),
(549, 80),
(550, 79),
(551, 79),
(552, 79),
(553, 78),
(554, 78),
(555, 78),
(556, 78),
(557, 78),
(558, 86),
(559, 78),
(560, 78),
(561, 78),
(562, 79),
(563, 79),
(564, 78),
(565, 78),
(566, 79),
(567, 79),
(568, 79),
(569, 79),
(570, 78),
(571, 78),
(572, 78),
(573, 80),
(574, 78),
(575, 84),
(576, 82),
(577, 87),
(578, 78),
(579, 78),
(580, 79),
(581, 78),
(582, 78),
(583, 78),
(584, 78),
(585, 78),
(586, 78),
(587, 79),
(588, 78),
(589, 78),
(590, 78),
(591, 79),
(592, 80),
(593, 80),
(594, 80),
(595, 80),
(596, 80),
(597, 80),
(598, 80),
(599, 79),
(600, 79),
(601, 87),
(602, 79),
(603, 78),
(604, 80),
(605, 79),
(606, 91),
(607, 78),
(608, 78),
(609, 90),
(610, 78),
(611, 85),
(612, 78),
(613, 79),
(614, 82),
(615, 78),
(616, 83),
(617, 78),
(618, 79),
(619, 85),
(620, 79),
(621, 87),
(622, 78),
(623, 78),
(624, 87),
(625, 80),
(626, 78),
(627, 79),
(628, 79),
(629, 78),
(630, 78),
(631, 78),
(632, 84),
(633, 78),
(634, 78),
(635, 78),
(636, 87),
(637, 78),
(638, 80),
(639, 78),
(640, 78),
(641, 78),
(642, 80),
(643, 79),
(644, 80),
(645, 78),
(646, 78),
(647, 78),
(648, 78),
(649, 78),
(650, 78),
(651, 85),
(652, 78),
(653, 78),
(654, 80),
(655, 87),
(656, 78),
(657, 80),
(658, 87),
(659, 78),
(660, 80),
(661, 80),
(662, 82),
(663, 80),
(664, 78),
(665, 78),
(666, 87),
(667, 80),
(668, 80),
(669, 79),
(670, 79),
(671, 79),
(672, 80),
(673, 78),
(674, 79),
(675, 79),
(676, 78),
(677, 78),
(678, 80),
(679, 80),
(680, 80),
(681, 78),
(682, 80),
(683, 85),
(684, 87),
(685, 80),
(686, 78),
(687, 79),
(688, 78),
(689, 78),
(690, 78),
(691, 78),
(692, 80),
(693, 79),
(694, 80),
(695, 87),
(696, 78),
(697, 78),
(698, 78),
(699, 78),
(700, 78),
(701, 78),
(702, 78),
(703, 84),
(704, 78),
(705, 80),
(706, 79),
(707, 79),
(708, 79),
(709, 80),
(710, 80),
(711, 80),
(712, 78),
(713, 80),
(714, 78),
(715, 80),
(716, 79),
(717, 85),
(718, 78),
(719, 90),
(720, 78),
(721, 79),
(722, 78),
(723, 84),
(724, 80),
(725, 87),
(726, 78),
(727, 78),
(728, 79),
(729, 78),
(730, 78),
(731, 78),
(732, 78),
(733, 78),
(734, 78),
(735, 78),
(736, 78),
(737, 78),
(738, 79),
(739, 80),
(740, 78),
(741, 80),
(742, 78),
(743, 78),
(744, 78),
(745, 78),
(746, 78),
(747, 78),
(748, 78),
(749, 78),
(750, 85),
(751, 80),
(752, 82),
(753, 80),
(754, 78),
(755, 78),
(756, 78),
(757, 78),
(758, 78),
(759, 78),
(760, 80),
(761, 80),
(762, 85),
(763, 78),
(764, 80),
(765, 79),
(766, 82),
(767, 78),
(768, 82),
(769, 80),
(770, 80),
(771, 80),
(772, 78),
(773, 78),
(774, 78),
(775, 78),
(776, 78),
(777, 80),
(778, 78),
(779, 78),
(780, 85),
(781, 78),
(782, 78),
(783, 80),
(784, 90),
(785, 79),
(786, 80),
(787, 80),
(788, 78),
(789, 80),
(790, 80),
(791, 78),
(792, 78),
(793, 78),
(794, 78),
(795, 78),
(796, 88),
(797, 80),
(798, 78),
(799, 82),
(800, 79),
(801, 78),
(802, 78),
(803, 78),
(804, 78),
(805, 84),
(806, 79),
(807, 79),
(808, 84),
(809, 80),
(810, 85),
(811, 78),
(812, 78),
(813, 79),
(814, 78),
(815, 78),
(816, 78),
(817, 78),
(818, 87),
(819, 85),
(820, 78),
(821, 78),
(822, 78),
(823, 83),
(824, 80),
(825, 80),
(826, 80),
(827, 78),
(828, 87),
(829, 78),
(830, 78),
(831, 78),
(832, 90),
(833, 80),
(834, 79),
(835, 78),
(836, 80),
(837, 78),
(838, 79),
(839, 78),
(840, 80),
(841, 80),
(842, 84),
(843, 85),
(844, 78),
(845, 80),
(846, 85),
(847, 84),
(848, 79),
(849, 78),
(850, 78),
(851, 78),
(852, 78),
(853, 78),
(854, 80),
(855, 86),
(856, 86),
(857, 78),
(858, 78),
(859, 78),
(860, 78),
(861, 78),
(862, 79),
(863, 79),
(864, 79),
(865, 80),
(866, 78),
(867, 80),
(868, 80),
(869, 79),
(870, 88),
(871, 82),
(872, 80),
(873, 78),
(874, 79),
(875, 80),
(876, 80),
(877, 80),
(878, 84),
(879, 84),
(880, 84),
(881, 84),
(882, 84),
(883, 84),
(884, 84),
(885, 84),
(886, 84),
(887, 84),
(888, 87),
(889, 84),
(890, 90),
(891, 86),
(892, 90),
(893, 92),
(894, 87),
(907, 78),
(908, 78),
(909, 78),
(910, 78),
(911, 78),
(912, 78),
(913, 78),
(914, 78),
(915, 78),
(916, 78),
(917, 78),
(918, 86),
(919, 78),
(920, 78),
(921, 78),
(922, 78),
(923, 78),
(924, 78),
(925, 78);

-- --------------------------------------------------------

--
-- Tabellenstruktur für Tabelle `definition_theme`
--

CREATE TABLE `definition_theme` (
  `definition_id` int(11) NOT NULL,
  `theme_id` int(11) NOT NULL
) ENGINE=InnoDB DEFAULT CHARSET=utf8mb4;

--
-- Daten für Tabelle `definition_theme`
--

INSERT INTO `definition_theme` (`definition_id`, `theme_id`) VALUES
(330, 104),
(331, 105),
(332, 106),
(333, 106),
(334, 107),
(335, 107),
(336, 108),
(337, 106),
(338, 109),
(339, 109),
(340, 106),
(341, 110),
(342, 111),
(343, 110),
(344, 110),
(345, 110),
(346, 109),
(347, 110),
(348, 110),
(349, 112),
(350, 113),
(351, 113),
(352, 114),
(352, 115),
(353, 116),
(354, 107),
(355, 117),
(356, 106),
(357, 110),
(358, 110),
(359, 107),
(360, 109),
(361, 107),
(362, 104),
(363, 118),
(364, 111),
(365, 119),
(366, 120),
(367, 120),
(368, 110),
(369, 113),
(370, 115),
(371, 106),
(372, 106),
(373, 110),
(374, 110),
(375, 106),
(376, 108),
(377, 106),
(378, 106),
(379, 111),
(380, 110),
(381, 106),
(382, 106),
(383, 106),
(384, 106),
(385, 121),
(386, 106),
(387, 106),
(388, 120),
(389, 120),
(390, 120),
(391, 106),
(392, 106),
(393, 106),
(394, 120),
(395, 110),
(396, 106),
(397, 110),
(398, 104),
(399, 110),
(400, 119),
(401, 106),
(402, 106),
(403, 122),
(404, 106),
(405, 123),
(406, 121),
(407, 110),
(408, 120),
(409, 122),
(410, 122),
(411, 111),
(412, 111),
(413, 110),
(414, 110),
(415, 110),
(416, 124),
(417, 106),
(418, 125),
(419, 106),
(420, 126),
(421, 120),
(422, 110),
(423, 120),
(424, 124),
(425, 117),
(426, 117),
(427, 106),
(428, 127),
(429, 106),
(430, 121),
(431, 117),
(432, 106),
(433, 128),
(434, 128),
(435, 128),
(436, 106),
(437, 106),
(438, 125),
(439, 106),
(440, 107),
(441, 106),
(442, 106),
(443, 106),
(444, 111),
(445, 106),
(446, 129),
(447, 129),
(448, 129),
(449, 120),
(450, 106),
(451, 129),
(452, 111),
(453, 122),
(454, 110),
(455, 110),
(456, 106),
(457, 106),
(458, 128),
(459, 110),
(460, 120),
(461, 110),
(462, 106),
(463, 120),
(464, 108),
(465, 108),
(466, 120),
(467, 108),
(468, 120),
(469, 120),
(470, 108),
(471, 106),
(472, 120),
(473, 106),
(474, 130),
(475, 111),
(476, 110),
(477, 120),
(478, 117),
(479, 117),
(480, 121),
(481, 117),
(482, 106),
(483, 110),
(484, 110),
(485, 117),
(486, 120),
(487, 111),
(488, 121),
(489, 119),
(490, 110),
(491, 109),
(492, 120),
(493, 117),
(494, 120),
(495, 106),
(496, 120),
(497, 124),
(498, 120),
(499, 106),
(500, 110),
(501, 110),
(502, 120),
(503, 107),
(504, 107),
(505, 129),
(506, 110),
(507, 117),
(508, 120),
(509, 131),
(510, 131),
(511, 119),
(512, 110),
(513, 120),
(514, 106),
(515, 117),
(516, 106),
(517, 132),
(518, 107),
(519, 117),
(520, 110),
(521, 120),
(522, 109),
(523, 120),
(524, 120),
(525, 120),
(526, 120),
(527, 133),
(528, 114),
(528, 117),
(529, 110),
(530, 119),
(531, 119),
(532, 110),
(533, 117),
(534, 106),
(535, 119),
(536, 110),
(537, 106),
(538, 110),
(539, 117),
(540, 133),
(541, 133),
(542, 111),
(543, 111),
(544, 106),
(545, 106),
(546, 120),
(547, 111),
(548, 107),
(549, 110),
(550, 120),
(551, 120),
(552, 120),
(553, 134),
(554, 119),
(555, 115),
(555, 117),
(556, 106),
(557, 115),
(558, 122),
(559, 135),
(560, 107),
(561, 109),
(562, 120),
(563, 120),
(564, 107),
(565, 123),
(566, 120),
(567, 120),
(568, 120),
(569, 120),
(570, 115),
(571, 106),
(572, 106),
(573, 120),
(574, 120),
(575, 111),
(576, 106),
(577, 124),
(578, 106),
(579, 111),
(580, 120),
(581, 109),
(582, 115),
(583, 109),
(584, 106),
(585, 106),
(586, 106),
(587, 120),
(588, 109),
(589, 109),
(590, 109),
(591, 120),
(592, 110),
(593, 110),
(594, 110),
(595, 110),
(596, 110),
(597, 110),
(598, 110),
(599, 120),
(600, 120),
(601, 128),
(602, 120),
(603, 109),
(604, 110),
(605, 120),
(606, 111),
(607, 109),
(608, 109),
(609, 132),
(610, 106),
(611, 119),
(612, 136),
(613, 120),
(614, 121),
(615, 121),
(616, 116),
(617, 106),
(618, 120),
(619, 119),
(620, 120),
(621, 124),
(622, 108),
(623, 108),
(624, 124),
(625, 110),
(626, 107),
(626, 135),
(627, 120),
(628, 120),
(629, 106),
(630, 123),
(631, 117),
(632, 111),
(633, 109),
(634, 117),
(635, 107),
(635, 135),
(636, 128),
(637, 106),
(638, 110),
(639, 108),
(640, 106),
(641, 106),
(642, 110),
(643, 120),
(644, 110),
(645, 109),
(646, 106),
(647, 121),
(648, 107),
(648, 135),
(649, 106),
(650, 106),
(651, 119),
(652, 106),
(653, 114),
(654, 110),
(655, 124),
(656, 106),
(657, 110),
(658, 114),
(659, 109),
(660, 110),
(661, 110),
(662, 106),
(663, 110),
(664, 109),
(665, 106),
(666, 128),
(667, 110),
(668, 110),
(669, 120),
(670, 120),
(671, 120),
(672, 110),
(673, 109),
(674, 120),
(675, 120),
(676, 117),
(677, 109),
(678, 110),
(679, 110),
(680, 110),
(681, 113),
(682, 110),
(683, 119),
(684, 124),
(685, 106),
(686, 109),
(687, 120),
(688, 113),
(689, 113),
(690, 117),
(691, 135),
(691, 137),
(692, 110),
(693, 120),
(694, 110),
(695, 124),
(696, 114),
(696, 136),
(697, 107),
(698, 109),
(699, 117),
(700, 117),
(701, 138),
(702, 109),
(703, 111),
(704, 121),
(705, 110),
(706, 120),
(707, 120),
(708, 120),
(709, 110),
(710, 110),
(711, 110),
(712, 113),
(713, 110),
(714, 121),
(715, 110),
(716, 120),
(717, 119),
(718, 106),
(719, 132),
(720, 117),
(721, 120),
(722, 113),
(723, 111),
(724, 110),
(725, 124),
(726, 108),
(727, 109),
(728, 120),
(729, 117),
(730, 117),
(731, 106),
(732, 115),
(733, 115),
(734, 117),
(735, 109),
(736, 109),
(737, 136),
(738, 120),
(739, 110),
(740, 109),
(741, 110),
(742, 117),
(743, 106),
(744, 106),
(745, 106),
(746, 106),
(747, 121),
(748, 108),
(749, 115),
(750, 119),
(751, 110),
(752, 106),
(753, 110),
(754, 109),
(755, 106),
(756, 107),
(757, 107),
(757, 113),
(757, 114),
(757, 136),
(758, 114),
(758, 139),
(759, 107),
(759, 114),
(759, 136),
(760, 110),
(761, 110),
(762, 119),
(763, 106),
(764, 110),
(765, 120),
(766, 107),
(767, 113),
(768, 106),
(769, 110),
(770, 110),
(771, 110),
(772, 106),
(773, 117),
(774, 106),
(775, 114),
(776, 107),
(776, 114),
(776, 136),
(777, 110),
(778, 117),
(779, 106),
(780, 119),
(781, 114),
(782, 136),
(783, 110),
(784, 132),
(785, 120),
(786, 110),
(787, 110),
(788, 117),
(789, 110),
(790, 110),
(791, 106),
(792, 106),
(793, 106),
(794, 106),
(795, 106),
(796, 129),
(797, 110),
(798, 106),
(799, 106),
(800, 120),
(801, 135),
(802, 117),
(803, 117),
(804, 106),
(805, 111),
(806, 120),
(807, 120),
(808, 111),
(809, 110),
(810, 119),
(811, 106),
(812, 106),
(813, 120),
(814, 115),
(815, 140),
(816, 106),
(817, 141),
(818, 141),
(819, 119),
(820, 107),
(821, 106),
(822, 121),
(823, 116),
(824, 110),
(825, 110),
(826, 110),
(827, 106),
(828, 124),
(829, 123),
(830, 113),
(831, 109),
(832, 132),
(833, 113),
(834, 120),
(835, 109),
(836, 110),
(837, 106),
(838, 120),
(839, 109),
(840, 110),
(841, 104),
(842, 111),
(843, 119),
(844, 109),
(845, 110),
(846, 119),
(847, 111),
(848, 120),
(849, 109),
(850, 115),
(851, 117),
(852, 109),
(853, 109),
(854, 110),
(855, 122),
(856, 122),
(857, 104),
(858, 113),
(859, 104),
(860, 115),
(861, 106),
(862, 120),
(863, 120),
(864, 120),
(865, 110),
(866, 109),
(867, 110),
(868, 120),
(869, 120),
(870, 106),
(871, 106),
(872, 110),
(873, 136),
(873, 142),
(874, 106),
(875, 110),
(876, 110),
(877, 110),
(878, 111),
(879, 111),
(880, 111),
(881, 111),
(882, 111),
(883, 111),
(884, 111),
(885, 111),
(886, 111),
(887, 111),
(888, 128),
(889, 111),
(890, 132),
(891, 122),
(892, 132),
(893, 143),
(894, 128),
(907, 109),
(908, 109),
(909, 109),
(910, 109),
(911, 109),
(912, 109),
(913, 109),
(914, 109),
(915, 109),
(916, 109),
(917, 109),
(918, 122),
(919, 109),
(920, 109),
(921, 109),
(922, 109),
(923, 109),
(924, 109),
(925, 109);

-- --------------------------------------------------------

--
-- Tabellenstruktur für Tabelle `long_name`
--

CREATE TABLE `long_name` (
  `long_name_id` int(11) NOT NULL,
  `long_name_text` varchar(255) NOT NULL
) ENGINE=InnoDB DEFAULT CHARSET=utf8mb4;

--
-- Daten für Tabelle `long_name`
--

INSERT INTO `long_name` (`long_name_id`, `long_name_text`) VALUES
(369, 'Absorbent Glass Mat'),
(370, 'Advanced Configuration and Power Interface'),
(371, 'authentication authorization  accounting'),
(372, ' Balanced Technology Extended'),
(373, 'Bits per Inch'),
(374, 'cylinder head sector'),
(375, 'Digital Audio Tape'),
(376, 'direct-attached storage'),
(377, 'discretionary access control'),
(378, 'EFI system partition'),
(379, ' Extensible Firmware Interface'),
(380, 'GNU Privacy Guard'),
(381, 'information security management system'),
(382, 'Institute of Electrical and Electronics Engineers'),
(383, 'Interior Gateway Protocol'),
(384, 'Interior Gateway Protocol'),
(385, 'International Organization for Standardization AND\ninternational Electrotechnical Commission'),
(386, ' Internet Protocol'),
(387, ' Network Basic Input/Output System'),
(388, 'Object-Oriented Programming.'),
(389, 'Over Temperature Protection'),
(390, 'Over Voltage Protection'),
(391, 'Peripheral Component Interconnect Express'),
(392, 'Rivest Shamir Adleman'),
(393, 'Self-Monitoring'),
(394, 'Analysis and Reporting Technology'),
(395, 'serial presence detect'),
(396, 'Single Inline Memory Module'),
(397, 'top-level domain'),
(398, 'Triple Data Encryption Standard'),
(399, 'Triple Stage Actuator'),
(400, ' VirtualBox Remote Display Protocol '),
(401, ' voice coil motor'),
(402, 'Voltage and Frequency Independent from mains supply'),
(403, 'Write once read many'),
(404, 'orp'),
(405, '/media'),
(406, '5G non standalone'),
(407, '5G standalone'),
(408, 'abbreviation of NT loader'),
(409, 'AC/DC'),
(410, 'Accelerated Graphics Port'),
(411, 'Accelerated Processing Unit '),
(412, 'Access-control list'),
(413, 'address resolution protocol'),
(414, 'Advanced Encryption Standard'),
(415, 'Advanced Host Controller Interface'),
(416, 'Advanced Intelligent Tape'),
(417, 'Advanced Interactive eXecutive'),
(418, 'Advanced Micro Devices'),
(419, 'Advanced Persistent Threat'),
(420, 'Advanced Research Projects Agency Network'),
(421, 'Advanced RISC Machines'),
(422, 'Advanced Technology Extended'),
(423, 'Advanced Vector Extensions'),
(424, 'Advanced Vector Extensions 2'),
(425, 'after life'),
(426, 'AMd-Secure Virtual Machine'),
(427, 'American National Standards Institute'),
(428, 'American Wire Gauge'),
(429, 'amt umsetzer'),
(430, 'Anschalteinrichtungen'),
(431, 'Application Programming Interface'),
(432, 'application-specific integrated circuit'),
(433, 'arythimetic logic unit'),
(434, 'Asymmetric Digital Subscriber Line'),
(435, 'Asynchronous Transfer Mode'),
(436, 'AufputzMontage'),
(437, 'Automatic Private IP Addressing'),
(438, 'Automatic voltage regulator'),
(439, 'Autonomous System'),
(440, 'B-tree File System'),
(441, 'souvent prononcé \"ButterFS\"'),
(442, 'Ball-grid array'),
(443, 'Berkeley Software Distribution  '),
(444, 'Betriebswirtschaftslehre'),
(445, 'Bit error rate'),
(446, 'Blu-ray Disc'),
(447, 'Boot Dev Select'),
(448, 'Border Gateway Protocol'),
(449, 'Breitbandanschlusseinheit'),
(450, 'Bruttoinlandsprodukts'),
(451, 'Bruttonational-einkommens'),
(452, 'Bundesamt für Sicherheit in der Informationstechnik'),
(453, 'Bundesdatenschutzgesetz'),
(454, 'Carrier Sense Multiple Access/Collision Avoidance'),
(455, 'Carrier Sense Multiple Access/Collision Detection'),
(456, 'Carrier-sense multiple access '),
(457, 'cathode-ray tube'),
(458, 'Central Processing Unit= Hauptprozessor'),
(459, 'Charged Coupled Device'),
(460, 'Chip multithreading'),
(461, 'class identifier'),
(462, 'Classless Inter-Domain Routing '),
(463, 'Client hardware address'),
(464, 'coder decoder'),
(465, 'cold cathode fluorescent lighting'),
(466, 'Column Access Strobe'),
(467, 'Column Address Strobe Latency'),
(468, 'command rate'),
(469, 'Common Internet File System'),
(470, 'Common public licence'),
(471, 'Compatibility Support Module'),
(472, 'Complementary metal-oxide-semiconductor'),
(473, 'complex instruction set computer'),
(474, 'Computer Aided Design'),
(475, 'Computer Aided Manufacturing'),
(476, 'computer-aided design and drafting'),
(477, 'configurable logic block'),
(478, 'conjunctive normal form'),
(479, 'Contact Image System'),
(480, 'control unit'),
(481, 'Conventional Magnetic Recording'),
(482, 'Coordinated Universal Time'),
(483, 'Core'),
(484, 'Create Read Update Delete'),
(485, 'Cross-Site-Scripting'),
(486, 'cyclic redundancy check'),
(487, 'Data Controlling Language'),
(488, 'Data Definition Language'),
(489, 'Data Manipulation Language'),
(490, 'Data Over Cable Service Interface Specification'),
(491, 'data processing units'),
(492, 'Data Query Language'),
(493, 'Datenschutzbeauftragter'),
(494, 'Datenschutzgrundverordnung'),
(495, 'dB(isotropic)'),
(496, 'Demilitarized Zone'),
(497, 'Deployment Image Servicing and Management tool'),
(498, 'Desktop Management Interface'),
(499, 'desktop publishing'),
(500, 'destination service access point'),
(501, 'Deutsche Telekom AG'),
(502, 'DHCP Unique Identifier'),
(503, 'Dienstmerkmale'),
(504, 'Digital Audio Broadcasting'),
(505, 'Digital Compact Cassette'),
(506, 'Digital Data Storage'),
(507, 'Digital Enhanced Cordless Telecommunications '),
(508, 'Digital Linear Tape'),
(509, 'Digital Subscriber Line'),
(510, 'Digital Video Broadcasting – Terrestrial'),
(511, '2nd generation'),
(512, 'Digital Video Disc or Digital Versatile Disc'),
(513, 'digital visual interface'),
(514, 'Digitale Vermittlungsstelle Ortsnetz'),
(515, 'Direct memory access'),
(516, 'Disjunctive normal form'),
(517, 'Distributed Denial of Service'),
(518, 'Domain Name System; domain name Server'),
(519, 'Double Adern Verbinder'),
(520, 'Double Data Rate'),
(521, 'Double Data Rate Synchronous Dynamic Random Access Memory'),
(522, 'Driver Execution Enviroment'),
(523, 'Dual Inline Memory Module'),
(524, 'Dual-in-line package'),
(525, 'Dynamic Host Configuration Protocol // Dynamic host control Protocol'),
(526, 'Dynamic Host Configuration Protocol // Dynamic host control Protocol v6'),
(527, 'dynamic random-access memory'),
(528, 'Dynamic Spectrum Sharing'),
(529, 'E-Privacy-Verordnung'),
(530, 'early Launch Anti-Malware Technik'),
(531, 'Editable Text Configuration'),
(532, 'Effective radiated power/ equivalent radiated power'),
(533, 'EINGABE VERARBEITUNG AUSGABE'),
(534, 'Einzeln Adern Verbinder'),
(535, 'Electrically Erasable Programmable Read-Only Memory'),
(536, 'Electromagnetic interference'),
(537, 'Electronic data processing'),
(538, 'Electronic Industries Alliance (EIA)'),
(539, 'Telecommunications Industry Association'),
(540, 'Elektrolumineszenz-Folie'),
(541, 'Elektromagnetische Verträglichkeit'),
(542, 'elektronische Datenverarbeitung'),
(543, 'Elliptic Curve Cryptography'),
(544, 'Elliptic Curve Diffie-Hellman'),
(545, 'Endverzweiger'),
(546, 'Energy Assisted Perpendicular Magnetic Recording '),
(547, 'energy associated magnetic recording'),
(548, 'Entity Relationship Diagram'),
(549, 'equivalent isotropically radiated power'),
(550, 'erasable programmable read-only memory'),
(551, 'erlang'),
(552, 'Error Correcting Code'),
(553, 'error detect code'),
(554, 'Essential system binaries'),
(555, 'Ethernet over Power'),
(556, 'European Telecommunications Standards Institute'),
(557, 'Explicit Congestion Notification ()'),
(558, 'Extended Data Output \nRandom Access Memory'),
(559, 'Extended Memory 64 Technology'),
(560, 'extensible markup language'),
(561, 'External Serial Advanced Technology Attachment'),
(562, 'Ferroelectric RAM'),
(563, 'Fiber Distributed Data Interface'),
(564, 'Fiber To The Home'),
(565, 'Fibre Channel'),
(566, 'Fibre to the Building'),
(567, 'fibre to the curb'),
(568, 'fibre to the desk'),
(569, 'fibre to the node'),
(570, 'Field Programmable Gate Arrays'),
(571, 'Field-Effect Transistor'),
(572, 'file transfer protocol'),
(573, 'filesystem'),
(574, 'Filesystem Hierarchy Standard'),
(575, 'First In First Out'),
(576, 'floating-point operations per second'),
(577, 'floating-point unit'),
(578, 'fourth extended file system'),
(579, 'Frame Check Sequence'),
(580, 'Front-side bus ratio'),
(581, 'fully qualified domain name'),
(582, 'Function-In Memory DRAM'),
(583, 'fused multiply add'),
(584, 'fused multiply add 3'),
(585, 'General Data Protection Regulation'),
(586, 'General Data Protection Regulation'),
(587, 'General Public License'),
(588, 'General Purpose Input Output'),
(589, 'Generic Access Profile'),
(590, 'Gesetz über das Bundesamt für Sicherheit in der Informationstechnik'),
(591, 'Giant Magneto-Resistive'),
(592, 'gigabit interface converter'),
(593, 'GigaGate 45'),
(594, 'glasfaserKabel'),
(595, 'Global Area Network'),
(596, 'globally unique identifier'),
(597, 'grand unified boot loader'),
(598, 'Graphic double data rate'),
(599, 'graphic user interface'),
(600, 'graphics processing units'),
(601, 'Grundsätze ordnungsmäßiger Buchführung'),
(602, 'GUID Partition Table'),
(603, 'Hard Disk Drive'),
(604, 'hardware abstraction layer'),
(605, 'Hauptverteiler'),
(606, 'Hauswirtschaftsraum'),
(607, 'Heat Assisted Magnetic Recording'),
(608, 'High Definition Digital Versatile Disc'),
(609, 'High Speed Downlink Packet Access'),
(610, 'High Speed Packet Access '),
(611, 'High Speed Uplink Packet Access'),
(612, 'High-bandwidth Digital Content Protection'),
(613, 'High-Definition Multimedia Interface'),
(614, 'Höheneinheit'),
(615, 'Human Interface Devices'),
(616, 'Hypertext Transfer Protocol'),
(617, 'HyperTransport'),
(618, 'I nformationen beschaffen\nP lanen\nE ntscheiden\nR ealisieren\nK ontrollieren\nA uswerten'),
(619, 'identity Association Identifier'),
(620, 'in-plane switching'),
(621, 'Information Technology EXtended'),
(622, 'Informationssicherheits-beauftragter '),
(623, 'ingress protection code'),
(624, 'input processing output'),
(625, 'instruction set architecture'),
(626, 'integrated development environment'),
(627, 'Integrated electronics'),
(628, 'Integrated graphics processing unit'),
(629, 'integrated memory controller'),
(630, 'Integrated Services Digital Network'),
(631, 'intel Preboot Execution Environment'),
(632, 'INTEL-Virtualization Technology'),
(633, 'International Business Machines'),
(634, 'Internationale Funkausstellung'),
(635, 'Internet Assigned Numbers Authority'),
(636, 'Internet Control Message Protocol'),
(637, 'Internet Engineering Steering Group'),
(638, 'Internet Engineering Task Force'),
(639, 'Internet Group Management Protocol'),
(640, 'Internet Message Access Protocol'),
(641, 'Internet Protocol Security'),
(642, 'Internet Protocol Television'),
(643, 'internet service providers'),
(644, 'Internet Small Computer System Interface'),
(645, 'Internetzugang über Satellit'),
(646, 'interrupt request'),
(647, 'IP header length '),
(648, 'isdn Anschlusseinheit'),
(649, 'IT-Sicherheitsgesetz'),
(650, 'Java Development Kit'),
(651, 'java Runtime Environment'),
(652, 'JavaScript Object Notation'),
(653, 'Joint-Electron-Device-Engineering-Council'),
(654, ''),
(655, 'Journaled File System'),
(656, 'Just a Bunch of Disks'),
(657, 'Kabelverzweiger'),
(658, 'kernel'),
(659, 'Key Exchange Key Datenbank'),
(660, 'konjunctive normal form'),
(661, 'land grid array'),
(662, 'Leistungsmerkmale'),
(663, 'Libraries'),
(664, 'Licht wellen Leiter// Optical fiber'),
(665, 'light-emitting diode'),
(666, 'Linear Tape File System'),
(667, 'Linear Tape-Open'),
(668, 'liquid crystal display '),
(669, 'Local Area Network'),
(670, 'Logical Block Addressing'),
(671, 'Long Term Evolution'),
(672, 'löt-'),
(673, 'schraub- und abisolierfrei'),
(674, 'machine learning'),
(675, 'Magnetical Optical Disc'),
(676, 'Magnetoresistive random-access memory'),
(677, 'Man-in-the-Middle'),
(678, 'Mandatory access control'),
(679, 'Mask ROM'),
(680, 'master boot record'),
(681, 'maximum transmission unit'),
(682, 'Mean Time Between Failure'),
(683, 'media access control address'),
(684, 'Media Recognition System'),
(685, 'memory chip controller'),
(686, 'memory controller unit'),
(687, 'message-digest algorithm'),
(688, 'Metropolitan Area Network'),
(689, 'Micro-Star International'),
(690, 'Microsoft Disk Operating System'),
(691, 'Microsoft management console'),
(692, 'Microsoft Reserved Partition'),
(693, 'Microwave Assisted Magnetic Recording '),
(694, 'Modified Exclusive Shared Invalid'),
(695, 'Modified'),
(696, 'Owned'),
(697, 'Exclusive'),
(698, 'Shared'),
(699, 'Invalid'),
(700, 'mount'),
(701, 'Multi-Faktor-Authentifizierung'),
(702, 'Multi-Level-Cells'),
(703, 'Multi-user MIMO'),
(704, 'multidomain vertical alignment'),
(705, 'MultiMedia eXtension'),
(706, 'Multiple Math eXtension'),
(707, 'or\nMatrix Math eXtension.'),
(708, 'multiple-input and multiple-output'),
(709, 'Native Command Queueing'),
(710, 'Nebenstellenanlage'),
(711, 'Neighbor Discovery Protocol'),
(712, 'NetBIOS Message Block Daemon'),
(713, 'NetBIOS Name Service'),
(714, 'Network Address Translation'),
(715, 'Network Attached Storage'),
(716, 'Network File System'),
(717, 'Network File System'),
(718, 'Network Interface Card'),
(719, 'Network Message Block Daemon'),
(720, 'Network Termination Analog'),
(721, 'Network Termination Broadband Access'),
(722, 'Network Termination for ISDN Basic rate Access '),
(723, 'network time protocol'),
(724, 'new technology file system'),
(725, 'Next Generation Network'),
(726, 'nichtfernsprecher fernsprecher nicht fernsprecher'),
(727, 'Non-volatile random-access memory'),
(728, 'Open Computing Language'),
(729, 'Open Shortest Path First'),
(730, 'Open Shortest Path First'),
(731, 'Open System Interconnection'),
(732, 'Operationsverstärker'),
(733, 'Optical Network Termination'),
(734, 'optional'),
(735, 'Organic Light-Emitting Diode'),
(736, 'Organizationally Unique Identifier'),
(737, 'Original Equipment Manufacturer'),
(738, 'Ortsnetz'),
(739, 'Over Power Protection'),
(740, 'Overcurrent Protection'),
(741, 'ovonic unified memory'),
(742, 'P_ower O_n S_elf T_est'),
(743, 'Packet Inter-Networking Groper.'),
(744, 'Passiva prüft Anschluss'),
(745, 'Passive Observation Of Failures'),
(746, 'Patterned Vertical Alignment'),
(747, 'Peripheral Component Interconnect'),
(748, 'Perpendicular Magnetic Recording'),
(749, 'Personal Use and Evaluation License'),
(750, 'Phase-change memory'),
(751, 'Phase-change Random Access Memory'),
(752, 'Photomultiplier'),
(753, 'ping time to live'),
(754, 'Plan-Do-Check-Act'),
(755, 'Platform Key'),
(756, 'Point-to-Point Protocol'),
(757, 'Poly Ethylen'),
(758, 'Poly Vinyl Chlorid'),
(759, 'Polymere optische Faser (Plastic optical fiber)'),
(760, 'pong'),
(761, 'port translation protocol'),
(762, 'post office protocol'),
(763, 'Power Factor Correction'),
(764, 'Power over Ethernet'),
(765, 'Pre EFI Initialization'),
(766, 'Pretty Good Privacy'),
(767, 'primärmultiplex'),
(768, 'process information'),
(769, 'processing in memory'),
(770, 'Programmablaufplan'),
(771, 'Programmable Read-Only Memory'),
(772, 'public switch telefon network'),
(773, 'Pulsweitenmodulation'),
(774, 'Qualitätsmanagementbeauftragte'),
(775, 'Quality of Service'),
(776, 'Quantum Dot Light Emitting Diode'),
(777, 'Quarter-inch cartridge'),
(778, 'rack unit'),
(779, 'radio-frequency interference'),
(780, 'Rambus DRAM'),
(781, 'Rambus Inline Memory Module'),
(782, 'random access memory'),
(783, 'random-access memory digital-to-analog converter'),
(784, 'raster operations pipeline'),
(785, 'render output unit'),
(786, 'read only memory'),
(787, 'Recommended Standard 232'),
(788, 'Reduced Instruction Set Computer'),
(789, 'redundant array of inexpensive disks\"[1] or \"redundant array of independent disks'),
(790, 'registered jack'),
(791, 'Request for Comments'),
(792, 'Role-based access control'),
(793, 'Routing Information Protocol'),
(794, 'row access  strobe'),
(795, 'Row Active Time'),
(796, 'Row Column Delay'),
(797, 'Row Precharge Time'),
(798, 'row refresh cycle time'),
(799, 'Run Time'),
(800, 'Scalable Linear Recording'),
(801, 'Scalable Link Interface'),
(802, 'second extended file system'),
(803, 'secure hashing algorithm'),
(804, 'Secure Shell'),
(805, 'secure sockets layer'),
(806, 'Security Account Manager'),
(807, 'security identifier'),
(808, 'Self-Monitoring'),
(809, 'Analysis and Reporting Technology'),
(810, 'Serial Advanced Technology Attachment'),
(811, 'Serial Attached SCSI'),
(812, 'Serial Attached SCSI '),
(813, 'Server Message Block'),
(814, 'Server Message Block Daemon'),
(815, 'service'),
(816, 'Service record'),
(817, 'Service Set Identifier'),
(818, 'shielded twisted pair'),
(819, 'Shingled Magnetic Recording'),
(820, 'Short Circuit Protection'),
(821, 'Silicon Graphics'),
(822, 'Simple Mail Transfer Protocol'),
(823, 'simple network management protokol'),
(824, 'Simple Service Discovery Protocol'),
(825, 'Simultaneous Multithreading  '),
(826, 'Single Data Rate Synchronous Dynamic Random Access Memory'),
(827, 'Single instruction'),
(828, 'multiple data'),
(829, 'Single-Level-Cells'),
(830, 'Small Computer System Interface'),
(831, 'Small Form-factor Pluggable '),
(832, 'Small Outline Dual Inline Memory Module'),
(833, 'Small-outline package'),
(834, 'snap'),
(835, 'Solid State Drives'),
(836, 'Solid State Hybrid Drive'),
(837, 'source service access point'),
(838, 'specific measurable accepted realistic terminated'),
(839, 'Starkstrom-Anschalte-Relais'),
(840, 'Start Frame delimiter'),
(841, 'Stateful Packet Inspection FIREWALL'),
(842, 'Static random-access memory'),
(843, 'storage area networks'),
(844, 'Stream Control Transmission Protocol'),
(845, 'Streaming SIMD Extensions'),
(846, 'Streaming SIMD Extensions 2'),
(847, 'Streaming SIMD Extensions 3'),
(848, 'Streaming SIMD Extensions 4.1'),
(849, 'Streaming SIMD Extensions 4.2'),
(850, 'Structured Query Language'),
(851, 'SubNetwork Access Protocol '),
(852, 'Supplemental Streaming SIMD Extensions 3'),
(853, 'Surface-mounted device'),
(854, 'Symmetric Digital Subscriber Line'),
(855, 'Symmetric multiprocessing'),
(856, 'Synchronous dynamic random-access memory'),
(857, 'System Management Bus'),
(858, 'systems-on-chip'),
(859, 'Technische und organisatorische Maßnahmen'),
(860, 'Telekommunikation Anschluss Einheit'),
(861, 'Telekommunikationsgesetz 1998'),
(862, 'Telemediengesetz'),
(863, 'Temporal Key Integrity Protocol'),
(864, 'temporary'),
(865, 'Tensor Processing Unit'),
(866, 'Tera operations per second'),
(867, 'terminal over network// Telnet (Teletype Network)'),
(868, 'Texture mapping unit '),
(869, 'Thermal Design Power'),
(870, 'thin small-outline package'),
(871, 'Thin-film transistor'),
(872, 'thin-film transistor'),
(873, 'third extended filesystem'),
(874, 'Tracks per Inch '),
(875, 'Transactional Synchronization Extensions'),
(876, 'Transient System Load'),
(877, 'transistor transistor Logik'),
(878, 'transmission control protocol'),
(879, 'Transport Layer Security'),
(880, 'trivial file transfer protocol'),
(881, 'Trusted Platform Module '),
(882, 'Twisted Nematic'),
(883, 'Ultra Density Optical'),
(884, 'under Voltage Protection'),
(885, 'Unified Extensible Firmware Interface'),
(886, 'Unified Modeling Language'),
(887, 'Uninterruptible power supply'),
(888, 'Universal Mobile Telecommunications System'),
(889, 'Universal Naming Convention'),
(890, 'Universal Plug and Play'),
(891, 'Universal Serial Bus'),
(892, 'Universalanschlusseinheit'),
(893, 'Universally Unique Identifier'),
(894, 'unshielded twisted pair'),
(895, 'Unterbrechungsfreie Stromversorgung'),
(896, 'Urheberrechtsgesetz'),
(897, 'user'),
(898, 'User Account Control'),
(899, 'user datagram protocol'),
(900, 'Variable'),
(901, 'Verband Sichere Digitale Identität'),
(902, 'Very High Speed Digital Subscriber Line'),
(903, 'Video Electronics Standards Association'),
(904, 'Video Graphics Array'),
(905, 'video ram'),
(906, 'Virtual Hard Disk v2'),
(907, 'virtual hard disks'),
(908, 'Virtuelles Privates Netzwerk'),
(909, 'Volkswirtschaftliche Gesamtrechnung'),
(910, 'Volkswirtschaftslehre'),
(911, 'Voltage and Frequency Dependent from mains supply'),
(912, 'Voltage Dependent Resistor'),
(913, 'Voltage Independent from mains supply'),
(914, 'Voltage Regulator Module'),
(915, 'Wafer scale engine'),
(916, 'Wecker groß'),
(917, 'Wecker klein'),
(918, 'Wi-Fi Protected Access'),
(919, 'Wide area network'),
(920, 'Windows PowerShell \nIntegrated Scripting Environment (ISE).'),
(921, 'Wired Equivalent Privacy'),
(922, 'Wireless Fidelity'),
(923, 'Worldwide Interoperability for Microwave Access'),
(924, 'x-appache mariadb-php-pearl'),
(925, 'xfs'),
(926, 'Your IP address'),
(927, 'Zettabyte File System'),
(928, ''),
(929, 'Infrastructure as a Service'),
(930, 'Platform as a service'),
(931, 'Software as a service'),
(932, 'ISMS: Sicherheitsmanagement'),
(933, 'ORP: Organisation und Personal'),
(934, 'CON: Konzeption und Vorgehensweise'),
(935, 'OPS: Betrieb'),
(936, 'DER: Detektion und Reaktion'),
(937, 'APP: Anwendungen'),
(938, 'SYS: IT-Systeme'),
(939, 'IND: Industrielle IT'),
(940, 'NET: Netze und Kommunikation'),
(941, 'INF: Infrastruktur'),
(942, 'Remote Authentication Dial-In User Service'),
(943, 'Deutsche Institut für Normung'),
(944, 'Projektstrukturplan'),
(945, 'ZIVIL PROZESS ORDNUNG'),
(946, 'Comma separated values/\nCharacter separated values'),
(947, 'universal naming convention'),
(948, 'internen Grafikkarte'),
(954, 'publik key infrastruktur'),
(955, 'Remote Authentication Dial-In User Service'),
(956, 'pre-shared key'),
(957, 'Simultaneous Authentication of Equals'),
(958, 'intrusion detection system'),
(959, 'bring your own device'),
(960, 'number used once'),
(961, 'pairwise transient key'),
(962, 'message integrity code'),
(963, 'group  transient key'),
(964, 'service level agreement'),
(965, 'return of investmenstgs'),
(966, 'personal identification number'),
(967, 'American Standard Code for Information Interchange'),
(968, 'Integrated Drive Electronics '),
(969, 'suspend to ram'),
(970, 'suspend to disk'),
(971, 'entreprise resource planning'),
(972, 'issue tracking system');

-- --------------------------------------------------------

--
-- Tabellenstruktur für Tabelle `short_name`
--

CREATE TABLE `short_name` (
  `short_name_id` int(11) NOT NULL,
  `short_name_text` varchar(100) NOT NULL
) ENGINE=InnoDB DEFAULT CHARSET=utf8mb4;

--
-- Daten für Tabelle `short_name`
--

INSERT INTO `short_name` (`short_name_id`, `short_name_text`) VALUES
(376, 'AGM'),
(377, 'Acpi'),
(378, 'aaa'),
(379, 'BTX'),
(380, 'BPI'),
(381, 'chs'),
(382, 'DAT'),
(383, 'DAS'),
(384, 'DAC'),
(385, 'esp'),
(386, 'EFI-Systempartition'),
(387, 'gpg'),
(388, 'ISMS'),
(389, 'IEEE'),
(390, 'IGP'),
(391, 'IGP'),
(392, 'ISO/IEC 2382-1'),
(393, 'ip'),
(394, 'NetBIOS '),
(395, 'OOP'),
(396, 'OTP'),
(397, 'OVP'),
(398, 'PCIe'),
(399, 'rsa'),
(400, 'S.M.A.R.T'),
(401, 'SPD'),
(402, 'SIMM'),
(403, 'TLD'),
(404, '3des'),
(405, 'TSA'),
(406, 'vrdp'),
(407, 'VCM'),
(408, 'VFI'),
(409, 'WORM'),
(410, 'orp'),
(411, '/media'),
(412, '5G NSA'),
(413, '5 G SA'),
(414, 'NTLDR'),
(415, 'AC/DC'),
(416, 'agp'),
(417, 'APU'),
(418, 'ACL'),
(419, 'ARP'),
(420, 'aes'),
(421, 'AHCI'),
(422, 'AIT'),
(423, 'AIX'),
(424, 'AMD '),
(425, 'APT'),
(426, 'ARPANET '),
(427, 'ARM'),
(428, 'Atx'),
(429, 'avx'),
(430, 'avx2'),
(431, 'AL'),
(432, 'AMd-SVM'),
(433, 'ANSI'),
(434, 'AWG'),
(435, 'au'),
(436, 'AE'),
(437, 'API'),
(438, 'ASIC'),
(439, 'Alu'),
(440, 'ADSL'),
(441, 'atm'),
(442, 'AP'),
(443, 'apipa'),
(444, 'avr'),
(445, 'AS'),
(446, 'btrfs'),
(447, 'bga'),
(448, 'bsd'),
(449, 'BWL'),
(450, 'BER'),
(451, 'BD'),
(452, 'BDS'),
(453, 'BGP'),
(454, 'BBAE'),
(455, 'BIP'),
(456, 'BNE'),
(457, 'BSI'),
(458, 'bdsg'),
(459, 'CSMA/CA'),
(460, 'CSMA/CD'),
(461, 'CSMA'),
(462, 'CRT'),
(463, 'CPU'),
(464, 'CCD'),
(465, 'CMT'),
(466, 'CLSID'),
(467, 'CIDR'),
(468, 'CHADDR'),
(469, 'codec'),
(470, 'CCFL'),
(471, 'cas'),
(472, 'CL'),
(473, 'CR'),
(474, 'CIFS'),
(475, 'CPL'),
(476, 'CSM'),
(477, 'CMOS'),
(478, 'cisc'),
(479, 'CAD'),
(480, 'CAM'),
(481, 'CADD'),
(482, 'CLB'),
(483, 'cnf'),
(484, 'CIS'),
(485, 'Cu'),
(486, 'CMR'),
(487, 'UTC'),
(488, 'Core'),
(489, 'CRUD '),
(490, 'XSS'),
(491, 'crc'),
(492, 'DCL'),
(493, 'DDL'),
(494, 'DML'),
(495, 'docsis'),
(496, 'DPU'),
(497, 'DQL'),
(498, 'dsb'),
(499, 'DSGVO'),
(500, 'dBi'),
(501, 'DMZ'),
(502, 'DISM'),
(503, 'DMI'),
(504, 'DTP'),
(505, 'DSAP'),
(506, 'DTAG'),
(507, 'duid'),
(508, 'DM'),
(509, 'DAB+'),
(510, 'DCC'),
(511, 'DDS'),
(512, 'DECT'),
(513, 'DLT'),
(514, 'dsl'),
(515, 'DVB-T2'),
(516, 'DVD+/-'),
(517, 'dvi'),
(518, 'divo'),
(519, 'DMA'),
(520, 'dnf'),
(521, 'DDoS'),
(522, 'DNS'),
(523, 'DAV'),
(524, 'DDR'),
(525, 'DDR SDRAM'),
(526, 'DXE'),
(527, 'Dimm'),
(528, 'DIP'),
(529, 'DHCP'),
(530, 'dhcpv6'),
(531, 'DRAM'),
(532, '5G DSS'),
(533, 'ePVO'),
(534, 'ELAM'),
(535, '/etc'),
(536, 'ERP'),
(537, 'EVA'),
(538, 'EAV'),
(539, 'EEPROM'),
(540, 'EMI'),
(541, 'EDP'),
(542, 'EIA/TIA-568A/B'),
(543, 'ELF'),
(544, 'EMV'),
(545, 'EDV'),
(546, 'ECC'),
(547, 'ECDH'),
(548, 'Evz'),
(549, 'ePMR'),
(550, 'EAMR'),
(551, 'erd'),
(552, 'EIRP'),
(553, 'Eprom'),
(554, 'erl '),
(555, 'ECC-Speicher'),
(556, 'edc'),
(557, '/sbin'),
(558, 'EoP'),
(559, 'ETSI'),
(560, 'ECN'),
(561, 'EDO RAM'),
(562, 'em64t'),
(563, 'xml'),
(564, 'eSATA'),
(565, 'FRAM'),
(566, 'FeRAM'),
(567, 'F-RAM or FRAM'),
(568, 'fddi'),
(569, 'FTTH'),
(570, 'FC'),
(571, 'FTTB'),
(572, 'FTTC'),
(573, 'FTTD'),
(574, 'FTTN'),
(575, 'FPGA'),
(576, 'FET'),
(577, 'ftp'),
(578, '/sys'),
(579, 'fhs'),
(580, 'FIFO'),
(581, 'FLOPS'),
(582, 'FPU'),
(583, 'ext4'),
(584, 'FCS'),
(585, 'fsb ratio'),
(586, 'FQDn'),
(587, 'Fimdram'),
(588, 'fma'),
(589, 'fma3'),
(590, 'GDPR'),
(591, 'GDPR'),
(592, 'GPL'),
(593, 'GPIO'),
(594, 'GAP'),
(595, 'BSIG'),
(596, 'GMR'),
(597, 'GBIC'),
(598, 'Gg45'),
(599, 'GfK'),
(600, 'GAN'),
(601, 'GUID'),
(602, 'GRUB'),
(603, 'GDDR'),
(604, 'gui'),
(605, 'GPU'),
(606, 'gob'),
(607, 'GPT'),
(608, 'HDD'),
(609, 'hal'),
(610, 'HVt'),
(611, 'HWR'),
(612, 'HAMR'),
(613, 'HD-DVD'),
(614, 'HSDPA'),
(615, 'HSPA'),
(616, 'HSUPA'),
(617, 'Hdcp'),
(618, 'hdmi'),
(619, 'HE'),
(620, 'HID'),
(621, 'http'),
(622, 'Ht'),
(623, 'iperka'),
(624, 'iaid'),
(625, 'IPS'),
(626, 'ITX'),
(627, 'isb'),
(628, 'IP20'),
(629, 'IPO'),
(630, 'ISA'),
(631, 'IdE'),
(632, 'Intel'),
(633, 'IGPU'),
(634, 'IMC'),
(635, 'isdn'),
(636, 'intel pxe boot'),
(637, 'INTEL-VT'),
(638, 'IBM'),
(639, 'IFA'),
(640, 'IANA'),
(641, 'icmp/(ping)'),
(642, 'IESG'),
(643, 'IETF'),
(644, 'IGMP snooping '),
(645, 'imap'),
(646, 'Ipsec'),
(647, 'IPTV'),
(648, 'ISP'),
(649, 'iSCSI'),
(650, 'Sky-DSL'),
(651, 'IRQ'),
(652, 'IHL'),
(653, 'iae'),
(654, 'it-sig'),
(655, 'JDK'),
(656, 'JRE'),
(657, 'json'),
(658, 'jedec'),
(659, 'jfs'),
(660, 'jbod'),
(661, 'KVz'),
(662, 'kernel'),
(663, 'KEK'),
(664, 'knf'),
(665, 'LGA BOARD'),
(666, 'LM'),
(667, '/lib'),
(668, 'lwl'),
(669, 'LED'),
(670, 'LTFS'),
(671, 'LTO'),
(672, 'LCD'),
(673, 'LAN'),
(674, 'LBA'),
(675, 'LTE'),
(676, 'LSA'),
(677, 'ML'),
(678, 'MOD'),
(679, 'MRAM'),
(680, 'MitM'),
(681, 'MAC'),
(682, 'MROM'),
(683, 'MBR'),
(684, 'MTU'),
(685, 'MTBF'),
(686, 'MAC address'),
(687, 'MRS'),
(688, 'MCC'),
(689, 'MCU'),
(690, 'MD5'),
(691, 'MAN'),
(692, 'msi'),
(693, 'MS-DOS'),
(694, 'mmc'),
(695, 'MSR-Partition'),
(696, 'MAMR'),
(697, 'MESI'),
(698, 'MOESI'),
(699, '/mnt'),
(700, 'MFA'),
(701, 'MLC'),
(702, 'mu-mimo'),
(703, 'MVA'),
(704, 'mmx'),
(705, 'Mimo'),
(706, 'NCQ'),
(707, 'NstA'),
(708, 'ndp'),
(709, 'nmbd'),
(710, 'nbns'),
(711, 'NAT'),
(712, 'NAS'),
(713, 'NFS'),
(714, 'NFS'),
(715, 'nic'),
(716, 'NMBD'),
(717, 'NTA'),
(718, 'NTBBA'),
(719, 'NTBA'),
(720, 'ntp'),
(721, 'NTFS'),
(722, 'NGN'),
(723, 'nfn'),
(724, 'NVRAM'),
(725, 'OpenCL'),
(726, 'OSPF'),
(727, 'OSPF'),
(728, 'OSI'),
(729, 'OPV'),
(730, 'Ont medien-konvertwer'),
(731, '/opt'),
(732, 'OLED'),
(733, 'Oui'),
(734, 'OEM '),
(735, 'ON'),
(736, 'OPP'),
(737, 'OCP'),
(738, 'OUM'),
(739, 'POST'),
(740, 'icmp/ping'),
(741, 'PPA'),
(742, 'poof'),
(743, 'PVA'),
(744, 'pci'),
(745, 'PMR'),
(746, 'PUEL'),
(747, 'Pcm'),
(748, 'PCRAM'),
(749, 'PMT'),
(750, 'pingTTL'),
(751, 'PDCA'),
(752, 'PK'),
(753, 'ppp'),
(754, 'PE'),
(755, 'PVC'),
(756, 'pof'),
(757, 'pong'),
(758, 'NAT'),
(759, 'PAT'),
(760, 'Source-Nat\nPNAT'),
(761, 'pop3'),
(762, 'PFC'),
(763, 'PoE'),
(764, 'PEI'),
(765, 'PGP'),
(766, 'pmx'),
(767, '/proc'),
(768, 'PIM'),
(769, 'PAP'),
(770, 'PROM'),
(771, 'pstn'),
(772, 'PWM'),
(773, 'qmb'),
(774, 'QoS '),
(775, 'QLED'),
(776, 'QIC'),
(777, 'RU'),
(778, 'RFI'),
(779, 'RDRAM'),
(780, 'RIMM'),
(781, 'RAM'),
(782, 'ramdac'),
(783, 'ROP'),
(784, 'ROM'),
(785, 'rs232'),
(786, 'Risc'),
(787, 'RAID'),
(788, 'rj45'),
(789, 'rfc'),
(790, 'RBAC'),
(791, 'rip'),
(792, 'RAS'),
(793, 'tRAS'),
(794, 'tRCD'),
(795, 'tRP'),
(796, 'tRFC'),
(797, 'RT'),
(798, 'SLR'),
(799, 'sli'),
(800, 'ext2'),
(801, 'SHA'),
(802, 'ssh'),
(803, 'SSL'),
(804, 'sam'),
(805, 'sid'),
(806, 'smart'),
(807, 'SATA'),
(808, 'SAS'),
(809, 'sas'),
(810, 'SMB'),
(811, 'smbd'),
(812, '/srv'),
(813, 'srv record'),
(814, 'SSID'),
(815, 'STP'),
(816, 'SMR'),
(817, 'SCP'),
(818, 'SGI'),
(819, 'SMTP'),
(820, 'snmp'),
(821, 'SSDP'),
(822, 'SMT'),
(823, 'SDR SDRAM'),
(824, 'SIMD'),
(825, 'SLC'),
(826, 'SCSI'),
(827, 'SFP'),
(828, 'SO-DIMM'),
(829, 'SOP'),
(830, '/snap'),
(831, 'ssd'),
(832, 'SSHD'),
(833, 'SSAP'),
(834, 'smart'),
(835, 'SAR'),
(836, 'SFD'),
(837, 'SPI FIREWALL:'),
(838, 'SRAM'),
(839, 'SAN'),
(840, 'sctp'),
(841, 'sse'),
(842, 'sse2'),
(843, 'sse3'),
(844, 'sse4.1'),
(845, 'sse4.2'),
(846, 'sql'),
(847, 'SNAP'),
(848, 'ssse3'),
(849, 'smd'),
(850, 'SDSL'),
(851, 'SMP'),
(852, 'SDRAM'),
(853, 'SMBus //SMB'),
(854, 'SOC'),
(855, 'TOM'),
(856, 'TAE'),
(857, 'TKG'),
(858, 'TMG'),
(859, 'tkip'),
(860, '/tmp'),
(861, 'TPU'),
(862, 'TOPS'),
(863, 'telnet'),
(864, 'TMU'),
(865, 'TDP'),
(866, 'TSOP'),
(867, 'TFT'),
(868, 'TFT'),
(869, 'ext3'),
(870, 'TPI'),
(871, 'tsx'),
(872, 'TSL'),
(873, 'TTL'),
(874, 'tcp'),
(875, 'TLS'),
(876, 'tftp'),
(877, 'TPM'),
(878, 'TN'),
(879, 'UDO'),
(880, 'UVP'),
(881, 'uefi'),
(882, 'uml'),
(883, 'UPS'),
(884, 'UMTS'),
(885, 'unc'),
(886, 'UPnP'),
(887, 'USB'),
(888, 'UAE'),
(889, 'UUID'),
(890, 'UTP'),
(891, 'USV'),
(892, 'Urhg'),
(893, '/usr'),
(894, 'UAC'),
(895, 'udp'),
(896, '/var'),
(897, 'VSDI'),
(898, 'VDSL'),
(899, 'vesa'),
(900, 'vga'),
(901, 'VRAM'),
(902, 'VHDX'),
(903, 'VHD'),
(904, 'VPN'),
(905, 'VGR'),
(906, 'VWL'),
(907, 'VFD'),
(908, 'VDR'),
(909, 'VI'),
(910, 'vrm'),
(911, 'WSE'),
(912, 'Wgr'),
(913, 'Wkl'),
(914, 'WPA'),
(915, 'WAN'),
(916, 'Windows \nPowerShell\nISE'),
(917, 'WEP'),
(918, 'WiFi'),
(919, 'WiMAX'),
(920, 'xampp'),
(921, 'xfs'),
(922, 'YIADDR'),
(923, 'ZFS'),
(924, 'OTDR'),
(925, 'IaaS'),
(926, 'PaaS'),
(927, 'SaaS'),
(928, 'BSI ISMS'),
(929, 'BSI ORP'),
(930, 'BSI CON'),
(931, 'BSI OPS'),
(932, 'BSI DER'),
(933, 'BSI APP'),
(934, 'BSI SYS'),
(935, 'BSI IND'),
(936, 'BSI NET'),
(937, 'BSI INF'),
(938, 'Radius'),
(939, 'DIN'),
(940, 'PSP'),
(941, 'ZPO'),
(942, 'csv'),
(943, 'UNC'),
(944, 'IGP'),
(958, 'pki'),
(959, 'radius'),
(960, 'PSK'),
(961, 'SAE'),
(962, 'ids'),
(963, 'byod'),
(964, 'nonce'),
(965, 'ptk'),
(966, 'mic'),
(967, 'gtk'),
(968, 'sla'),
(969, 'roi'),
(970, 'pin'),
(971, 'ascii'),
(972, 'ide'),
(973, 'str'),
(974, 'std'),
(975, 'ERP'),
(976, 'ist');

-- --------------------------------------------------------

--
-- Tabellenstruktur für Tabelle `short_name_long_name`
--

CREATE TABLE `short_name_long_name` (
  `short_name_id` int(11) NOT NULL,
  `long_name_id` int(11) NOT NULL
) ENGINE=InnoDB DEFAULT CHARSET=utf8mb4;

--
-- Daten für Tabelle `short_name_long_name`
--

INSERT INTO `short_name_long_name` (`short_name_id`, `long_name_id`) VALUES
(376, 369),
(377, 370),
(378, 371),
(379, 372),
(380, 373),
(381, 374),
(382, 375),
(383, 376),
(384, 377),
(385, 378),
(386, 379),
(387, 380),
(388, 381),
(389, 382),
(390, 383),
(392, 385),
(393, 386),
(394, 387),
(395, 388),
(396, 389),
(397, 390),
(398, 391),
(399, 392),
(400, 393),
(400, 394),
(401, 395),
(402, 396),
(403, 397),
(404, 398),
(405, 399),
(406, 400),
(407, 401),
(408, 402),
(409, 403),
(410, 404),
(411, 405),
(412, 406),
(413, 407),
(414, 408),
(415, 409),
(416, 410),
(417, 411),
(418, 412),
(419, 413),
(420, 414),
(421, 415),
(422, 416),
(423, 417),
(424, 418),
(425, 419),
(426, 420),
(427, 421),
(428, 422),
(429, 423),
(430, 424),
(431, 425),
(432, 426),
(433, 427),
(434, 428),
(435, 429),
(436, 430),
(437, 431),
(438, 432),
(439, 433),
(440, 434),
(441, 435),
(442, 436),
(443, 437),
(444, 438),
(445, 439),
(446, 440),
(446, 441),
(447, 442),
(448, 443),
(449, 444),
(450, 445),
(451, 446),
(452, 447),
(453, 448),
(454, 449),
(455, 450),
(456, 451),
(457, 452),
(458, 453),
(459, 454),
(460, 455),
(461, 456),
(462, 457),
(463, 458),
(464, 459),
(465, 460),
(466, 461),
(467, 462),
(468, 463),
(469, 464),
(470, 465),
(471, 466),
(472, 467),
(473, 468),
(474, 469),
(475, 470),
(476, 471),
(477, 472),
(478, 473),
(479, 474),
(480, 475),
(481, 476),
(482, 477),
(483, 478),
(484, 479),
(485, 480),
(486, 481),
(487, 482),
(488, 483),
(489, 484),
(490, 485),
(491, 486),
(492, 487),
(493, 488),
(494, 489),
(495, 490),
(496, 491),
(497, 492),
(498, 493),
(499, 494),
(500, 495),
(501, 496),
(502, 497),
(503, 498),
(504, 499),
(505, 500),
(506, 501),
(507, 502),
(508, 503),
(509, 504),
(510, 505),
(511, 506),
(512, 507),
(513, 508),
(514, 509),
(515, 510),
(515, 511),
(516, 512),
(517, 513),
(518, 514),
(519, 515),
(520, 516),
(521, 517),
(522, 518),
(523, 519),
(524, 520),
(525, 521),
(526, 522),
(527, 523),
(528, 524),
(529, 525),
(530, 526),
(531, 527),
(532, 528),
(533, 529),
(534, 530),
(535, 531),
(536, 532),
(537, 533),
(538, 534),
(539, 535),
(540, 536),
(541, 537),
(542, 538),
(542, 539),
(543, 540),
(544, 541),
(545, 542),
(546, 543),
(547, 544),
(548, 545),
(549, 546),
(550, 547),
(551, 548),
(552, 549),
(553, 550),
(554, 551),
(555, 552),
(556, 553),
(557, 554),
(558, 555),
(559, 556),
(560, 557),
(561, 558),
(562, 559),
(563, 560),
(564, 561),
(565, 562),
(566, 562),
(567, 562),
(568, 563),
(569, 564),
(570, 565),
(571, 566),
(572, 567),
(573, 568),
(574, 569),
(575, 570),
(576, 571),
(577, 572),
(578, 573),
(579, 574),
(580, 575),
(581, 576),
(582, 577),
(583, 578),
(584, 579),
(585, 580),
(586, 581),
(587, 582),
(588, 583),
(589, 584),
(590, 585),
(592, 587),
(593, 588),
(594, 589),
(595, 590),
(596, 591),
(597, 592),
(598, 593),
(599, 594),
(600, 595),
(601, 596),
(602, 597),
(603, 598),
(604, 599),
(605, 600),
(606, 601),
(607, 602),
(608, 603),
(609, 604),
(610, 605),
(611, 606),
(612, 607),
(613, 608),
(614, 609),
(615, 610),
(616, 611),
(617, 612),
(618, 613),
(619, 614),
(620, 615),
(621, 616),
(622, 617),
(623, 618),
(624, 619),
(625, 620),
(626, 621),
(627, 622),
(628, 623),
(629, 624),
(630, 625),
(631, 626),
(632, 627),
(633, 628),
(634, 629),
(635, 630),
(636, 631),
(637, 632),
(638, 633),
(639, 634),
(640, 635),
(641, 636),
(642, 637),
(643, 638),
(644, 639),
(645, 640),
(646, 641),
(647, 642),
(648, 643),
(649, 644),
(650, 645),
(651, 646),
(652, 647),
(653, 648),
(654, 649),
(655, 650),
(656, 651),
(657, 652),
(658, 653),
(658, 654),
(659, 655),
(660, 656),
(661, 657),
(662, 658),
(663, 659),
(664, 660),
(665, 661),
(666, 662),
(667, 663),
(668, 664),
(669, 665),
(670, 666),
(671, 667),
(672, 668),
(673, 669),
(674, 670),
(675, 671),
(676, 672),
(676, 673),
(677, 674),
(678, 675),
(679, 676),
(680, 677),
(681, 678),
(682, 679),
(683, 680),
(684, 681),
(685, 682),
(686, 683),
(687, 684),
(688, 685),
(689, 686),
(690, 687),
(691, 688),
(692, 689),
(693, 690),
(694, 691),
(695, 692),
(696, 693),
(697, 694),
(698, 695),
(698, 696),
(698, 697),
(698, 698),
(698, 699),
(699, 700),
(700, 701),
(701, 702),
(702, 703),
(703, 704),
(704, 705),
(704, 706),
(704, 707),
(705, 708),
(706, 709),
(707, 710),
(708, 711),
(709, 712),
(709, 719),
(710, 713),
(711, 714),
(711, 761),
(712, 715),
(713, 716),
(715, 718),
(717, 720),
(718, 721),
(719, 722),
(720, 723),
(721, 724),
(722, 725),
(723, 726),
(724, 727),
(725, 728),
(726, 729),
(728, 731),
(729, 732),
(730, 733),
(731, 734),
(732, 735),
(733, 736),
(734, 737),
(735, 738),
(736, 739),
(737, 740),
(738, 741),
(739, 742),
(740, 743),
(741, 744),
(742, 745),
(743, 746),
(744, 747),
(745, 748),
(746, 749),
(747, 750),
(748, 751),
(749, 752),
(750, 753),
(751, 754),
(752, 755),
(753, 756),
(754, 757),
(755, 758),
(756, 759),
(757, 760),
(759, 761),
(760, 761),
(761, 762),
(762, 763),
(763, 764),
(764, 765),
(765, 766),
(766, 767),
(767, 768),
(768, 769),
(769, 770),
(770, 771),
(771, 772),
(772, 773),
(773, 774),
(774, 775),
(775, 776),
(776, 777),
(777, 778),
(778, 779),
(779, 780),
(780, 781),
(781, 782),
(782, 783),
(783, 784),
(783, 785),
(784, 786),
(785, 787),
(786, 788),
(787, 789),
(788, 790),
(789, 791),
(790, 792),
(791, 793),
(792, 794),
(793, 795),
(794, 796),
(795, 797),
(796, 798),
(797, 799),
(798, 800),
(799, 801),
(800, 802),
(801, 803),
(802, 804),
(803, 805),
(804, 806),
(805, 807),
(806, 393),
(806, 394),
(806, 838),
(807, 810),
(808, 811),
(808, 812),
(810, 813),
(811, 814),
(812, 815),
(813, 816),
(814, 817),
(815, 818),
(816, 819),
(817, 820),
(818, 821),
(819, 822),
(820, 823),
(821, 824),
(822, 825),
(823, 826),
(824, 827),
(824, 828),
(825, 829),
(826, 830),
(827, 831),
(828, 832),
(829, 833),
(830, 834),
(831, 835),
(832, 836),
(833, 837),
(835, 839),
(836, 840),
(837, 841),
(838, 842),
(839, 843),
(840, 844),
(841, 845),
(842, 846),
(843, 847),
(844, 848),
(845, 849),
(846, 850),
(847, 851),
(848, 852),
(849, 853),
(850, 854),
(851, 855),
(852, 856),
(853, 857),
(854, 858),
(855, 859),
(856, 860),
(857, 861),
(858, 862),
(859, 863),
(860, 864),
(861, 865),
(862, 866),
(863, 867),
(864, 868),
(865, 869),
(866, 870),
(867, 871),
(869, 873),
(870, 874),
(871, 875),
(872, 876),
(873, 877),
(874, 878),
(875, 879),
(876, 880),
(877, 881),
(878, 882),
(879, 883),
(880, 884),
(881, 885),
(882, 886),
(883, 887),
(884, 888),
(885, 889),
(886, 890),
(887, 891),
(888, 892),
(889, 893),
(890, 894),
(891, 895),
(892, 896),
(893, 897),
(894, 898),
(895, 899),
(896, 900),
(897, 901),
(898, 902),
(899, 903),
(900, 904),
(901, 905),
(902, 906),
(903, 907),
(904, 908),
(905, 909),
(906, 910),
(907, 911),
(908, 912),
(909, 913),
(910, 914),
(911, 915),
(912, 916),
(913, 917),
(914, 918),
(915, 919),
(916, 920),
(917, 921),
(918, 922),
(919, 923),
(920, 924),
(921, 925),
(922, 926),
(923, 927),
(924, 654),
(925, 929),
(926, 930),
(927, 931),
(928, 932),
(929, 933),
(930, 934),
(931, 935),
(932, 936),
(933, 937),
(934, 938),
(935, 939),
(936, 940),
(937, 941),
(938, 942),
(939, 943),
(940, 944),
(941, 945),
(942, 946),
(958, 954),
(959, 955),
(960, 956),
(961, 957),
(962, 958),
(963, 959),
(964, 960),
(965, 961),
(966, 962),
(967, 963),
(968, 964),
(969, 965),
(970, 966),
(971, 967),
(972, 968),
(973, 969),
(974, 970),
(975, 971),
(976, 972);

-- --------------------------------------------------------

--
-- Tabellenstruktur für Tabelle `subject`
--

CREATE TABLE `subject` (
  `subject_id` int(11) NOT NULL,
  `subject_name` varchar(100) NOT NULL
) ENGINE=InnoDB DEFAULT CHARSET=utf8mb4;

--
-- Daten für Tabelle `subject`
--

INSERT INTO `subject` (`subject_id`, `subject_name`) VALUES
(78, 'bs'),
(79, 'tk'),
(80, 'nt'),
(81, 'pt'),
(82, 'addMe'),
(83, 'dt'),
(84, 'security'),
(85, 'lnx'),
(86, 'wiso'),
(87, 'kup'),
(88, 'db'),
(89, 'data'),
(90, 'pog'),
(91, 'sec'),
(92, 'bswin');

-- --------------------------------------------------------

--
-- Tabellenstruktur für Tabelle `theme`
--

CREATE TABLE `theme` (
  `theme_id` int(11) NOT NULL,
  `theme_name` varchar(100) NOT NULL
) ENGINE=InnoDB DEFAULT CHARSET=utf8mb4;

--
-- Daten für Tabelle `theme`
--

INSERT INTO `theme` (`theme_id`, `theme_name`) VALUES
(104, 'usv'),
(105, 'Windows\nGi\nBoot'),
(106, 'addMe'),
(107, 'fest\nplatte'),
(108, 'Band\nlauf\nwerke'),
(109, 'bs'),
(110, 'nt'),
(111, 'security'),
(112, 'pt'),
(113, 'netzTeil'),
(114, 'ssd'),
(115, 'grafik\nkarte'),
(116, 'dt'),
(117, 'halb\nLeiter\nSpeicher'),
(118, 'band\nlauf\nwerke\nCD'),
(119, 'lnx'),
(120, 'tk'),
(121, 'windows\nGl\nBoot'),
(122, 'wiso'),
(123, 'cd'),
(124, 'monitor'),
(125, 'scanner'),
(126, 'Registry'),
(127, 'freigabe'),
(128, 'kup'),
(129, 'db'),
(130, 'data'),
(131, 'fest\nplatte\nSSD'),
(132, 'pog'),
(133, '?'),
(134, '*'),
(135, 'mbrGpt'),
(136, 'raid'),
(137, 'windows\nGlBoot'),
(138, 'unc'),
(139, 'festplatte\nraid'),
(140, 'kühlung'),
(141, 'monitor\nusv'),
(142, 'mbr\ngpt'),
(143, 'bswin');

-- --------------------------------------------------------

--
-- Tabellenstruktur für Tabelle `users`
--

CREATE TABLE `users` (
  `username` varchar(255) NOT NULL,
  `id` int(11) NOT NULL,
  `PASSWORD` varchar(250) NOT NULL
) ENGINE=InnoDB DEFAULT CHARSET=utf8mb4;

--
-- Daten für Tabelle `users`
--

INSERT INTO `users` (`username`, `id`, `PASSWORD`) VALUES
('greg', 1, '$2y$10$kGFUUUFkyweAVae0QUbXc.GhAMMQ2/QnNWgVFDVky1vdgf5MFyV2i'),
('testUser', 2, '$2y$10$YxhejoNqmw/mFm/Cfee9AeGE8grfjANPiZ097rd.gskje6f.48r/m'),
('admin', 3, '$2y$10$D3mITHMHbOfXEK3gBiBiC.KKi64kqtb4VorTsHDn9lkMQ.soQ0gT2'),
('Alpha', 4, '$2y$10$dDrPDZuknI/Qpo//LtHKbuQ1kZVVykcrTq/CHqHtgBp2uuI8ybVYm'),
('del', 5, '$2y$10$WsIZN2kz0KgJaB4SBobtAe/ioLlbjgvi6fvZEEHgdpmpIZZCX3e0W'),
('del2', 6, '$2y$10$8Tp9jFU4s4hu.eDtrHoHoeMhGVkk9fIY8YkNkkerNO.1FNSFuvHmm');

--
-- Indizes der exportierten Tabellen
--

--
-- Indizes für die Tabelle `definition`
--
ALTER TABLE `definition`
  ADD PRIMARY KEY (`definition_id`);

--
-- Indizes für die Tabelle `definition_short_name`
--
ALTER TABLE `definition_short_name`
  ADD PRIMARY KEY (`definition_id`,`short_name_id`),
  ADD KEY `short_name_id` (`short_name_id`);

--
-- Indizes für die Tabelle `definition_subject`
--
ALTER TABLE `definition_subject`
  ADD PRIMARY KEY (`definition_id`,`subject_id`),
  ADD KEY `subject_id` (`subject_id`);

--
-- Indizes für die Tabelle `definition_theme`
--
ALTER TABLE `definition_theme`
  ADD PRIMARY KEY (`definition_id`,`theme_id`),
  ADD KEY `theme_id` (`theme_id`);

--
-- Indizes für die Tabelle `long_name`
--
ALTER TABLE `long_name`
  ADD PRIMARY KEY (`long_name_id`);

--
-- Indizes für die Tabelle `short_name`
--
ALTER TABLE `short_name`
  ADD PRIMARY KEY (`short_name_id`);

--
-- Indizes für die Tabelle `short_name_long_name`
--
ALTER TABLE `short_name_long_name`
  ADD PRIMARY KEY (`short_name_id`,`long_name_id`),
  ADD KEY `long_name_id` (`long_name_id`);

--
-- Indizes für die Tabelle `subject`
--
ALTER TABLE `subject`
  ADD PRIMARY KEY (`subject_id`);

--
-- Indizes für die Tabelle `theme`
--
ALTER TABLE `theme`
  ADD PRIMARY KEY (`theme_id`);

--
-- Indizes für die Tabelle `users`
--
ALTER TABLE `users`
  ADD PRIMARY KEY (`id`);

--
-- AUTO_INCREMENT für exportierte Tabellen
--

--
-- AUTO_INCREMENT für Tabelle `definition`
--
ALTER TABLE `definition`
  MODIFY `definition_id` int(11) NOT NULL AUTO_INCREMENT, AUTO_INCREMENT=926;

--
-- AUTO_INCREMENT für Tabelle `long_name`
--
ALTER TABLE `long_name`
  MODIFY `long_name_id` int(11) NOT NULL AUTO_INCREMENT, AUTO_INCREMENT=973;

--
-- AUTO_INCREMENT für Tabelle `short_name`
--
ALTER TABLE `short_name`
  MODIFY `short_name_id` int(11) NOT NULL AUTO_INCREMENT, AUTO_INCREMENT=977;

--
-- AUTO_INCREMENT für Tabelle `subject`
--
ALTER TABLE `subject`
  MODIFY `subject_id` int(11) NOT NULL AUTO_INCREMENT, AUTO_INCREMENT=93;

--
-- AUTO_INCREMENT für Tabelle `theme`
--
ALTER TABLE `theme`
  MODIFY `theme_id` int(11) NOT NULL AUTO_INCREMENT, AUTO_INCREMENT=144;

--
-- AUTO_INCREMENT für Tabelle `users`
--
ALTER TABLE `users`
  MODIFY `id` int(11) NOT NULL AUTO_INCREMENT, AUTO_INCREMENT=7;

--
-- Constraints der exportierten Tabellen
--

--
-- Constraints der Tabelle `definition_short_name`
--
ALTER TABLE `definition_short_name`
  ADD CONSTRAINT `definition_short_name_ibfk_1` FOREIGN KEY (`definition_id`) REFERENCES `definition` (`definition_id`),
  ADD CONSTRAINT `definition_short_name_ibfk_2` FOREIGN KEY (`short_name_id`) REFERENCES `short_name` (`short_name_id`);

--
-- Constraints der Tabelle `definition_subject`
--
ALTER TABLE `definition_subject`
  ADD CONSTRAINT `definition_subject_ibfk_1` FOREIGN KEY (`definition_id`) REFERENCES `definition` (`definition_id`),
  ADD CONSTRAINT `definition_subject_ibfk_2` FOREIGN KEY (`subject_id`) REFERENCES `subject` (`subject_id`);

--
-- Constraints der Tabelle `definition_theme`
--
ALTER TABLE `definition_theme`
  ADD CONSTRAINT `definition_theme_ibfk_1` FOREIGN KEY (`definition_id`) REFERENCES `definition` (`definition_id`),
  ADD CONSTRAINT `definition_theme_ibfk_2` FOREIGN KEY (`theme_id`) REFERENCES `theme` (`theme_id`);

--
-- Constraints der Tabelle `short_name_long_name`
--
ALTER TABLE `short_name_long_name`
  ADD CONSTRAINT `short_name_long_name_ibfk_1` FOREIGN KEY (`short_name_id`) REFERENCES `short_name` (`short_name_id`),
  ADD CONSTRAINT `short_name_long_name_ibfk_2` FOREIGN KEY (`long_name_id`) REFERENCES `long_name` (`long_name_id`);
COMMIT;

/*!40101 SET CHARACTER_SET_CLIENT=@OLD_CHARACTER_SET_CLIENT */;
/*!40101 SET CHARACTER_SET_RESULTS=@OLD_CHARACTER_SET_RESULTS */;
/*!40101 SET COLLATION_CONNECTION=@OLD_COLLATION_CONNECTION */;
